"Time (s)","Gyroscope x (rad/s)","Gyroscope y (rad/s)","Gyroscope z (rad/s)","Absolute (rad/s)"
2.610625001E-3,6.406144798E-2,-4.195305705E-2,-1.232757047E-2,7.756221443E-2
1.264762500E-2,6.532426178E-2,-4.373794794E-2,-1.221776009E-2,7.955841206E-2
2.268562501E-2,6.344380230E-2,-3.966171294E-2,-1.076047868E-2,7.559070991E-2
3.272362500E-2,5.703791603E-2,-3.887160495E-2,-9.944388643E-3,6.973676507E-2
4.276162501E-2,4.589018971E-2,-3.450695053E-2,-9.593117982E-3,5.821225866E-2
5.279962500E-2,2.801451460E-2,-2.326683886E-2,-3.992169164E-3,3.663463161E-2
6.283762501E-2,6.535056513E-3,-1.231538691E-2,6.728735752E-5,1.394203163E-2
7.287562500E-2,-1.248513162E-2,-7.683024742E-4,4.586100578E-3,1.332295458E-2
8.291262500E-2,-3.351611644E-2,1.283618994E-2,6.930748001E-3,3.655315446E-2
9.295062500E-2,-4.633469135E-2,1.955179125E-2,9.500617161E-3,5.118044441E-2
1.029886250E-1,-5.714499578E-2,3.189500794E-2,1.055389643E-2,6.628896442E-2
1.130266250E-1,-6.099711731E-2,3.282412887E-2,1.274473313E-2,7.043081697E-2
1.230646250E-1,-5.902717635E-2,3.730569407E-2,1.293887757E-2,7.101645521E-2
1.331026250E-1,-5.245322362E-2,3.665293753E-2,1.263317931E-2,6.522557564E-2
1.431406250E-1,-4.267010093E-2,3.008504957E-2,1.179588120E-2,5.352560634E-2
1.531776250E-1,-2.667158470E-2,2.815068141E-2,8.969429880E-3,3.980307735E-2
1.632156250E-1,-7.249151822E-3,1.655980572E-2,6.675116718E-3,1.927004283E-2
1.732536250E-1,1.126374677E-2,6.255192682E-3,4.164642654E-3,1.354044590E-2
1.832916250E-1,2.807788178E-2,-6.358869839E-3,-8.674006676E-4,2.880199741E-2
1.933296250E-1,4.231092334E-2,-1.678024232E-2,-2.561921254E-3,4.558897023E-2
2.033676250E-1,5.330125615E-2,-2.668587118E-2,-6.410455331E-3,5.995209392E-2
2.134056250E-1,5.607534945E-2,-3.171712160E-2,-8.811817504E-3,6.502360146E-2
2.234426250E-1,5.383749306E-2,-4.014256597E-2,-1.087097358E-2,6.802998845E-2
2.334806250E-1,4.588722438E-2,-3.689988330E-2,-1.113172993E-2,5.992623933E-2
2.435186250E-1,3.929829597E-2,-3.759017587E-2,-1.009842381E-2,5.531144142E-2
2.535566250E-1,2.966852486E-2,-3.394790366E-2,-1.060068887E-2,4.631475073E-2
2.635946250E-1,1.634766161E-2,-2.418049425E-2,-8.677886799E-3,3.045074813E-2
2.736326250E-1,4.077930003E-3,-1.465611346E-2,-6.732953712E-3,1.663622074E-2
2.836706250E-1,-1.045147888E-2,7.667853497E-4,-4.681521095E-3,1.147771800E-2
2.937076250E-1,-1.932140253E-2,8.364783600E-3,-2.998669632E-3,2.126683381E-2
3.037456250E-1,-2.884753048E-2,2.067204937E-2,6.919389125E-4,3.549637192E-2
3.137836250E-1,-3.353738040E-2,3.147043288E-2,3.061755793E-3,4.609249807E-2
3.238216250E-1,-3.767699748E-2,3.591977805E-2,4.945143126E-3,5.228997069E-2
3.338596250E-1,-3.344275802E-2,4.121193662E-2,7.059313357E-3,5.354134561E-2
3.438976250E-1,-2.951326221E-2,4.096585885E-2,7.744277827E-3,5.108040795E-2
3.539346250E-1,-2.291641384E-2,3.800731152E-2,8.045569062E-3,4.510486597E-2
3.639726250E-1,-1.191542670E-2,3.551938757E-2,7.835712284E-3,3.827535335E-2
3.740106250E-1,1.515075564E-3,2.871799096E-2,7.528018672E-3,2.972691582E-2
3.840486250E-1,1.911217906E-2,1.635426469E-2,7.812710479E-3,2.633962427E-2
3.940866250E-1,2.763774432E-2,8.807783946E-3,5.967433099E-3,2.961472990E-2
4.041246250E-1,3.548794612E-2,-6.357054692E-3,2.119964920E-3,3.611510371E-2
4.141626250E-1,4.069264233E-2,-1.199901104E-2,-1.116743661E-3,4.243953961E-2
4.241996250E-1,4.206470400E-2,-2.113205567E-2,-1.124999486E-3,4.708788298E-2
4.342376250E-1,4.298916832E-2,-3.051977605E-2,-4.568314180E-3,5.291875676E-2
4.442756250E-1,3.570329025E-2,-3.200582042E-2,-7.828289643E-3,4.858373797E-2
4.543136250E-1,2.616456710E-2,-3.645535186E-2,-1.002927870E-2,4.598003569E-2
4.643516250E-1,1.189907826E-2,-3.226486593E-2,-1.031769905E-2,3.590354510E-2
4.743896250E-1,-1.028661849E-3,-3.009348549E-2,-9.801795706E-3,3.166624722E-2
4.844276250E-1,-1.476045325E-2,-2.633203752E-2,-9.302186780E-3,3.158762193E-2
4.944646250E-1,-2.735464275E-2,-1.657087542E-2,-6.433179602E-3,3.262293966E-2
5.045026667E-1,-3.725095093E-2,-9.013623931E-3,-4.717838019E-3,3.861523996E-2
5.145406667E-1,-4.004989564E-2,1.933914842E-3,-3.017305629E-3,4.020992789E-2
5.245786667E-1,-4.355328530E-2,9.422190487E-3,-8.135398384E-4,4.456824184E-2
5.346166667E-1,-4.106792063E-2,1.530097798E-2,2.876552287E-3,4.392002487E-2
5.446546667E-1,-3.851421550E-2,2.456158772E-2,6.743729115E-3,4.617460632E-2
5.546926667E-1,-2.843097784E-2,2.813588269E-2,9.397704154E-3,4.108850495E-2
5.647296667E-1,-1.480757631E-2,2.778700739E-2,1.019532140E-2,3.309571988E-2
5.747676667E-1,-3.258504439E-3,2.667332441E-2,1.169936452E-2,2.930800601E-2
5.848056667E-1,1.092096418E-2,2.238004282E-2,1.131613646E-2,2.735303858E-2
5.948436667E-1,2.189211920E-2,2.086334676E-2,1.353700086E-2,3.313298226E-2
6.048816667E-1,3.257219493E-2,1.389438845E-2,1.119661517E-2,3.713981832E-2
6.149196667E-1,3.694811463E-2,5.161567125E-3,8.273627609E-3,3.821332050E-2
6.249576667E-1,3.805252910E-2,-5.698218010E-4,7.027533837E-3,3.870020542E-2
6.349946667E-1,3.593288362E-2,-8.423300460E-3,1.901377458E-3,3.695591092E-2
6.450326667E-1,3.179273009E-2,-1.623248868E-2,-1.212923089E-3,3.571753852E-2
6.550706667E-1,2.293671668E-2,-2.013054118E-2,-4.084908403E-3,3.078990316E-2
6.651086667E-1,1.107792649E-2,-2.705768868E-2,-8.684188128E-3,3.050006714E-2
6.751466667E-1,-1.661900431E-3,-2.595757879E-2,-1.212996338E-2,2.870006657E-2
6.851846667E-1,-1.462510321E-2,-2.675200067E-2,-1.191318221E-2,3.273357748E-2
6.952226667E-1,-2.446548268E-2,-2.614586242E-2,-1.378857996E-2,3.837044307E-2
7.052596667E-1,-3.508537263E-2,-2.006293833E-2,-1.344476640E-2,4.259420865E-2
7.152976667E-1,-3.922548145E-2,-1.948279329E-2,-1.091018692E-2,4.513590376E-2
7.253356667E-1,-4.022309929E-2,-7.846375927E-3,-1.185880508E-2,4.266256661E-2
7.353736667E-1,-3.570021316E-2,-4.330629949E-3,-8.890929632E-3,3.704467850E-2
7.454116667E-1,-2.851660177E-2,2.464691876E-3,-4.611229990E-3,2.899197690E-2
7.554496667E-1,-2.077810839E-2,8.689264767E-3,-5.109625636E-4,2.252763177E-2
7.654866667E-1,-7.616234943E-3,1.366538182E-2,1.497593476E-3,1.571599444E-2
7.755246667E-1,4.798969720E-3,2.165106125E-2,6.083177403E-3,2.299573028E-2
7.855626667E-1,2.102241479E-2,2.356028184E-2,9.282965213E-3,3.291203803E-2
7.956006667E-1,3.018049337E-2,2.422609553E-2,1.110078301E-2,4.026156068E-2
8.056386667E-1,3.884508833E-2,2.450732514E-2,1.249361597E-2,4.759874277E-2
8.156766667E-1,4.385895655E-2,2.412056923E-2,1.144101191E-2,5.134497719E-2
8.257146667E-1,4.502222314E-2,2.081904747E-2,1.143115852E-2,5.090289480E-2
8.357516667E-1,4.294021055E-2,1.727185026E-2,9.704890661E-3,4.729020402E-2
8.457896667E-1,3.317679465E-2,9.715396911E-3,5.616938695E-3,3.502340133E-2
8.558276667E-1,2.433153614E-2,5.143424030E-3,3.321011318E-3,2.508998960E-2
8.658656667E-1,1.291642897E-2,4.685111344E-4,-6.604143418E-4,1.294178454E-2
8.759036667E-1,-8.953178767E-4,-6.755329669E-3,-5.046075676E-3,8.479325018E-3
8.859416667E-1,-1.677468233E-2,-1.019506808E-2,-8.124424145E-3,2.124466164E-2
8.959796667E-1,-2.686130442E-2,-1.652956381E-2,-1.031853072E-2,3.318475902E-2
9.060166667E-1,-3.686174005E-2,-1.759509370E-2,-1.380806975E-2,4.311656285E-2
9.160546667E-1,-4.255530983E-2,-2.249102481E-2,-1.231648866E-2,4.968396607E-2
9.260926667E-1,-4.464802146E-2,-2.295841090E-2,-1.324673090E-2,5.192311943E-2
9.361306667E-1,-4.275304452E-2,-2.038478851E-2,-1.237442624E-2,4.895394614E-2
9.461686667E-1,-3.704775125E-2,-2.040902339E-2,-7.770352997E-3,4.300514497E-2
9.562066667E-1,-2.572462708E-2,-1.691295020E-2,-6.861965172E-3,3.154189102E-2
9.662446667E-1,-1.260083448E-2,-1.324790902E-2,-2.889061114E-3,1.851039700E-2
9.762816667E-1,-1.367233461E-3,-9.483230300E-3,3.142933594E-3,1.008360133E-2
9.863196667E-1,1.189743914E-2,-2.036766149E-3,6.062556989E-3,1.350748206E-2
9.963576667E-1,2.220153995E-2,4.069371149E-3,1.080955472E-2,2.502627881E-2
1.006395667E0,3.393889219E-2,6.923747249E-3,1.258242037E-2,3.685246235E-2
1.016433667E0,3.803681582E-2,1.411375683E-2,1.568738930E-2,4.349818011E-2
1.026471667E0,3.899502009E-2,1.519846264E-2,1.465594769E-2,4.434412770E-2
1.036509667E0,3.653815389E-2,1.947033964E-2,1.443856210E-2,4.384749583E-2
1.046546667E0,3.084351867E-2,2.220593952E-2,1.430806890E-2,4.060969379E-2
1.056584667E0,2.168890275E-2,1.897475123E-2,1.142727118E-2,3.100051957E-2
1.066622667E0,9.603211656E-3,1.944320090E-2,7.595248520E-3,2.297710895E-2
1.076660667E0,-4.247629084E-3,1.686387882E-2,3.894363763E-3,1.782130272E-2
1.086698667E0,-1.402941998E-2,1.432934869E-2,-3.339368850E-4,2.005657929E-2
1.096736667E0,-2.550946176E-2,8.934184909E-3,-6.153482944E-3,2.772034725E-2
1.106774667E0,-3.528885543E-2,-1.362129115E-3,-8.392401971E-3,3.629863805E-2
1.116811667E0,-3.894283995E-2,-6.003811024E-3,-1.241285633E-2,4.131185705E-2
1.126849667E0,-4.071011394E-2,-9.498410858E-3,-1.585499197E-2,4.470921557E-2
1.136887667E0,-3.481409699E-2,-1.784598082E-2,-1.525413431E-2,4.199034406E-2
1.146925667E0,-2.766191214E-2,-2.124603838E-2,-1.619369723E-2,3.845531641E-2
1.156963667E0,-1.793715544E-2,-2.615328692E-2,-1.456841920E-2,3.489949570E-2
1.167001667E0,-7.177717984E-3,-2.366323210E-2,-1.157129742E-2,2.730133903E-2
1.177038667E0,5.951155443E-3,-2.390910871E-2,-9.606553242E-3,2.644518096E-2
1.187076667E0,1.917774603E-2,-2.361136675E-2,-6.632335484E-3,3.113310869E-2
1.197114667E0,2.738181874E-2,-1.769064367E-2,-2.216515597E-3,3.267469682E-2
1.207152667E0,3.628609702E-2,-1.402932964E-2,1.922569470E-3,3.895124132E-2
1.217190667E0,4.328300059E-2,-3.974499181E-3,6.838101894E-3,4.399970933E-2
1.227228667E0,4.174102843E-2,3.744140966E-3,8.453043178E-3,4.275261378E-2
1.237266667E0,3.911062703E-2,8.954640478E-3,9.536094964E-3,4.124031813E-2
1.247303667E0,3.040049225E-2,1.723627187E-2,1.208687108E-2,3.697798601E-2
1.257341667E0,2.236325108E-2,2.312561125E-2,1.290894672E-2,3.466337836E-2
1.267379667E0,1.028421801E-2,2.743221074E-2,1.184261683E-2,3.159966613E-2
1.277417667E0,-4.004641902E-3,2.982776426E-2,1.165424380E-2,3.227311692E-2
1.287455667E0,-1.650259085E-2,2.844372019E-2,7.760968991E-3,3.378776943E-2
1.297493667E0,-2.835234627E-2,2.795059420E-2,4.204131663E-3,4.003455980E-2
1.307531667E0,-3.550426289E-2,2.416863851E-2,1.322325086E-3,4.297003974E-2
1.317568667E0,-3.925690427E-2,1.563074440E-2,-4.024107475E-3,4.244547260E-2
1.327606667E0,-4.080020636E-2,8.663116023E-3,-6.141320802E-3,4.215948576E-2
1.337644667E0,-3.989661857E-2,-2.178305294E-3,-8.664473891E-3,4.088469513E-2
1.347682667E0,-3.082269803E-2,-7.467875723E-3,-1.071217842E-2,3.347474642E-2
1.357720667E0,-2.090613171E-2,-1.694802195E-2,-1.375944819E-2,3.022621719E-2
1.367758667E0,-1.007292513E-2,-2.565069869E-2,-1.177885570E-2,2.996937780E-2
1.377796667E0,2.601614688E-3,-3.027215041E-2,-1.023755409E-2,3.206211165E-2
1.387833667E0,1.177647151E-2,-3.484079987E-2,-8.987465873E-3,3.785949233E-2
1.397871667E0,2.571807802E-2,-3.405740857E-2,-6.764574442E-3,4.320979152E-2
1.407909667E0,3.320209309E-2,-3.447153047E-2,-3.817253979E-3,4.801288188E-2
1.417947667E0,3.664246574E-2,-2.960927226E-2,1.451815479E-5,4.711029091E-2
1.427985667E0,3.558492288E-2,-2.168530226E-2,4.133895971E-3,4.187634375E-2
1.438023667E0,3.181655705E-2,-1.338604372E-2,5.212896969E-3,3.490922176E-2
1.448060667E0,2.665428631E-2,-5.188833922E-3,8.023330942E-3,2.831516935E-2
1.458098667E0,1.808574796E-2,4.084052052E-3,9.914400987E-3,2.102543953E-2
1.468136667E0,4.827199038E-3,1.296169963E-2,1.240419038E-2,1.857879024E-2
1.478174667E0,-6.799013354E-3,2.289683744E-2,1.411670074E-2,2.774478306E-2
1.488212667E0,-1.824421436E-2,3.063305467E-2,1.139361784E-2,3.743060143E-2
1.498250667E0,-2.592290938E-2,3.245329857E-2,1.329144184E-2,4.361050613E-2
1.508288875E0,-3.379042074E-2,3.551673517E-2,8.480973542E-3,4.975095902E-2
1.518325875E0,-3.787833825E-2,3.354261443E-2,6.723923609E-3,5.104004937E-2
1.528363875E0,-3.595899791E-2,2.926664427E-2,4.126808606E-3,4.654692843E-2
1.538401875E0,-3.097621724E-2,2.495447919E-2,-1.352699823E-3,3.980052591E-2
1.548439875E0,-2.435746230E-2,1.374736521E-2,-2.748462372E-3,2.810391548E-2
1.558477875E0,-1.306702942E-2,6.803089753E-3,-5.496682599E-3,1.572395649E-2
1.568515875E0,-3.832784481E-3,-3.443422727E-3,-9.090351872E-3,1.044901403E-2
1.578553875E0,1.099220663E-2,-1.292130724E-2,-1.018019207E-2,1.978446608E-2
1.588590875E0,2.182701230E-2,-2.206873149E-2,-1.243935246E-2,3.343927130E-2
1.598628875E0,3.190393001E-2,-2.959200367E-2,-1.357365493E-2,4.558279872E-2
1.608666875E0,3.951630741E-2,-3.295983747E-2,-1.252357010E-2,5.295969454E-2
1.618704875E0,4.163589701E-2,-3.361064568E-2,-1.213221438E-2,5.486724022E-2
1.628742875E0,4.006782919E-2,-3.327295929E-2,-1.030049287E-2,5.309068571E-2
1.638780875E0,3.518565372E-2,-2.803032659E-2,-8.304044604E-3,4.574589154E-2
1.648817875E0,2.603716031E-2,-2.444517985E-2,-6.487235427E-3,3.629855036E-2
1.658855875E0,1.534461509E-2,-1.450159959E-2,-1.976113301E-3,2.120515567E-2
1.668893875E0,4.587043077E-3,-4.896377213E-3,2.119828481E-3,7.036273644E-3
1.678931875E0,-7.334943861E-3,4.305452108E-3,3.399857320E-3,9.159549612E-3
1.688969875E0,-2.153225616E-2,1.437539607E-2,8.382897824E-3,2.721328799E-2
1.699007875E0,-3.069533408E-2,2.171162330E-2,8.648915216E-3,3.857981149E-2
1.709045875E0,-3.635401651E-2,2.859482914E-2,1.123883948E-2,4.759821723E-2
1.719082875E0,-3.954475001E-2,3.431743011E-2,9.925368242E-3,5.329152087E-2
1.729120875E0,-4.137381166E-2,3.151658550E-2,9.909655899E-3,5.294609271E-2
1.739158875E0,-3.500678390E-2,3.314216062E-2,9.403155185E-3,4.911514082E-2
1.749196875E0,-2.866952866E-2,2.817190252E-2,8.145876229E-3,4.101162354E-2
1.759234875E0,-1.737719588E-2,2.080104686E-2,5.221514497E-3,2.760280241E-2
1.769272875E0,-4.040617496E-3,1.467764005E-2,2.988187596E-3,1.551415393E-2
1.779309875E0,3.444341011E-3,3.788207890E-3,-1.947572455E-4,5.123664158E-3
1.789347875E0,1.870984584E-2,-4.409002140E-3,-2.635544399E-3,1.940215775E-2
1.799385875E0,2.609057352E-2,-1.406924427E-2,-4.561494105E-3,2.999114685E-2
1.809423875E0,3.404304013E-2,-2.395090275E-2,-7.315468974E-3,4.226216286E-2
1.819461875E0,3.507743031E-2,-2.821735479E-2,-8.306301199E-3,4.577815929E-2
1.829499875E0,3.410591185E-2,-3.412930295E-2,-9.366772138E-3,4.915037094E-2
1.839537875E0,3.009926714E-2,-3.432192653E-2,-1.025904436E-2,4.678897856E-2
1.849574875E0,2.190179005E-2,-3.237515688E-2,-1.097144000E-2,4.059817343E-2
1.859612875E0,1.057294663E-2,-3.046267480E-2,-7.180826273E-3,3.303522396E-2
1.869650875E0,-1.733351871E-2,-2.257305942E-2,-4.098750185E-3,2.875401947E-2
1.879688875E0,-2.961360216E-1,1.851194352E-2,-1.262436621E-2,2.969825079E-1
1.889726875E0,-7.275598645E-1,9.985873103E-2,-1.832299866E-2,7.346093213E-1
1.899764875E0,-1.205870390E0,1.818987727E-1,-1.707324199E-2,1.219631935E0
1.909802875E0,-1.538822293E0,2.437208593E-1,7.514659315E-3,1.558021302E0
1.919839875E0,-1.652782679E0,2.568227649E-1,5.501838401E-2,1.673521896E0
1.929877875E0,-1.539792538E0,2.283287942E-1,1.083002463E-1,1.560392271E0
1.939915875E0,-1.248726249E0,1.718239039E-1,1.500134617E-1,1.269387544E0
1.949953875E0,-8.366431594E-1,8.957511187E-2,1.682497263E-1,8.580812591E-1
1.959991875E0,-3.619337380E-1,-3.431696445E-3,1.622105390E-1,3.966359366E-1
1.970029875E0,1.144298837E-1,-9.616376460E-2,1.304994822E-1,1.984232414E-1
1.980067875E0,5.711454153E-1,-1.806167662E-1,6.901784241E-2,6.029867032E-1
1.990104875E0,9.886773825E-1,-2.502448559E-1,-1.990005188E-2,1.020049737E0
2.000142875E0,1.433132648E0,-3.345196843E-1,-6.439848989E-2,1.473064755E0
2.010180875E0,1.827619791E0,-3.807961047E-1,-8.467633277E-2,1.868788339E0
2.020218875E0,2.106917858E0,-4.045368135E-1,-1.013046503E-1,2.147793176E0
2.030256875E0,2.228009701E0,-4.013942778E-1,-1.260803044E-1,2.267386345E0
2.040294875E0,2.181764126E0,-3.603420556E-1,-1.515180171E-1,2.216505991E0
2.050331875E0,1.957406878E0,-3.012544811E-1,-1.706203371E-1,1.987789539E0
2.060369875E0,1.570905328E0,-1.952600032E-1,-1.758564413E-1,1.592732088E0
2.070407875E0,1.064798474E0,-8.976233006E-2,-1.702299714E-1,1.082049588E0
2.080445875E0,4.768803716E-1,2.690994740E-2,-1.580012441E-1,5.030938552E-1
2.090483875E0,-1.449096948E-1,1.497431993E-1,-1.350626349E-1,2.483218894E-1
2.100521875E0,-7.428370118E-1,2.551966608E-1,-1.055947915E-1,7.925165120E-1
2.110559875E0,-1.275452375E0,3.499852121E-1,-7.035211474E-2,1.324468886E0
2.120596875E0,-1.691599727E0,4.210368693E-1,-2.989119850E-2,1.743466422E0
2.130634875E0,-1.954206347E0,4.487699568E-1,1.050575823E-2,2.005100320E0
2.140672875E0,-2.049481153E0,4.627303481E-1,5.148975924E-2,2.101700162E0
2.150710875E0,-1.956600785E0,4.192073643E-1,9.374347329E-2,2.003199762E0
2.160748875E0,-1.693957567E0,3.523567915E-1,1.282317638E-1,1.734961364E0
2.170786875E0,-1.272778392E0,2.545583248E-1,1.644459516E-1,1.308360519E0
2.180824875E0,-7.379650474E-1,1.287408918E-1,1.862052977E-1,7.719061091E-1
2.190861875E0,-1.320799589E-1,-2.502353396E-3,2.024465799E-1,2.417353823E-1
2.200899875E0,4.890201390E-1,-1.450115442E-1,2.016888857E-1,5.484956252E-1
2.210937875E0,1.063505292E0,-2.641347349E-1,1.883887947E-1,1.111890733E0
2.220975875E0,1.545916080E0,-3.732947111E-1,1.536256373E-1,1.597750389E0
2.231013875E0,1.878257275E0,-4.272815287E-1,1.087340489E-1,1.929311532E0
2.241051875E0,2.042395353E0,-4.671897888E-1,4.947847500E-2,2.095732139E0
2.251088875E0,2.007862568E0,-4.460352361E-1,-1.525524817E-2,2.056864664E0
2.261126875E0,1.799577594E0,-4.159391224E-1,-8.046969771E-2,1.848772631E0
2.271164875E0,1.426426172E0,-3.479760289E-1,-1.409564614E-1,1.475007683E0
2.281202875E0,9.218484759E-1,-2.653341591E-1,-1.931776404E-1,9.785317723E-1
2.291240875E0,3.413333893E-1,-1.696662158E-1,-2.275971323E-1,4.439544594E-1
2.301278875E0,-2.790463567E-1,-5.241324380E-2,-2.486373931E-1,3.774050484E-1
2.311316875E0,-8.740889430E-1,6.298072636E-2,-2.504664361E-1,9.114447256E-1
2.321353875E0,-1.397395492E0,1.797739267E-1,-2.371024489E-1,1.428723345E0
2.331391875E0,-1.798054814E0,2.812081277E-1,-2.021891922E-1,1.831108843E0
2.341429875E0,-2.034432411E0,3.545246422E-1,-1.583063155E-1,2.071150368E0
2.351467875E0,-2.096233845E0,4.041206837E-1,-1.018715352E-1,2.137261722E0
2.361505875E0,-1.963593602E0,4.086461961E-1,-3.289091960E-2,2.005934536E0
2.371543875E0,-1.658228636E0,3.885920644E-1,3.912229091E-2,1.703601055E0
2.381581875E0,-1.207600236E0,3.152962029E-1,1.186106205E-1,1.253705908E0
2.391618875E0,-6.506261826E-1,2.202213556E-1,1.852008253E-1,7.114149426E-1
2.401656875E0,-5.089456961E-2,1.015266702E-1,2.457182258E-1,2.706942343E-1
2.411694875E0,5.537135601E-1,-2.625020221E-2,2.895615995E-1,6.254068273E-1
2.421732875E0,1.092559695E0,-1.367141455E-1,3.131223619E-1,1.144737113E0
2.431770875E0,1.521379471E0,-2.458062917E-1,3.177690208E-1,1.573528957E0
2.441808875E0,1.805679917E0,-3.196609020E-1,2.876483798E-1,1.856180122E0
2.451846875E0,1.923150897E0,-3.715558052E-1,2.442646921E-1,1.973886605E0
2.461883875E0,1.866941452E0,-3.784848750E-1,1.801843792E-1,1.913423005E0
2.471921875E0,1.663220763E0,-3.628172278E-1,1.043830812E-1,1.705530849E0
2.481959875E0,1.315103531E0,-3.215398490E-1,2.867581509E-2,1.354144554E0
2.491997875E0,8.663828969E-1,-2.551762760E-1,-5.393357947E-2,9.047889737E-1
2.502035750E0,3.482287824E-1,-1.833721250E-1,-1.260255873E-1,4.132445642E-1
2.512073750E0,-1.835464388E-1,-9.576371312E-2,-1.929851770E-1,2.830251977E-1
2.522110750E0,-6.965444684E-1,2.763681812E-3,-2.479558140E-1,7.393672431E-1
2.532148750E0,-1.139733076E0,9.542810917E-2,-2.793600857E-1,1.177344498E0
2.542186750E0,-1.473390579E0,1.862612218E-1,-2.978440225E-1,1.514689441E0
2.552224750E0,-1.673999310E0,2.601388991E-1,-2.969891429E-1,1.719926884E0
2.562262750E0,-1.728572726E0,3.164139390E-1,-2.736383975E-1,1.778471091E0
2.572300750E0,-1.627590775E0,3.499506116E-1,-2.347304076E-1,1.681254153E0
2.582338750E0,-1.381256938E0,3.432062566E-1,-1.797997206E-1,1.434569344E0
2.592375750E0,-1.010618448E0,3.101952970E-1,-1.081375256E-1,1.062668572E0
2.602413750E0,-5.449043512E-1,2.512972951E-1,-3.028838895E-2,6.008231595E-1
2.612451750E0,-3.815749288E-2,1.701704860E-1,5.697194859E-2,1.834660500E-1
2.622489750E0,4.844931066E-1,8.013201505E-2,1.328263432E-1,5.087214834E-1
2.632527750E0,9.582045078E-1,-9.931033477E-3,2.052363604E-1,9.799879937E-1
2.642565750E0,1.351130366E0,-9.586273134E-2,2.565331459E-1,1.378605159E0
2.652603750E0,1.618367672E0,-1.596859246E-1,2.875320613E-1,1.651450333E0
2.662640750E0,1.739151716E0,-2.093101591E-1,3.018786907E-1,1.777523608E0
2.672678750E0,1.701310277E0,-2.301073223E-1,2.861159742E-1,1.740479356E0
2.682716750E0,1.508728266E0,-2.358233333E-1,2.546413243E-1,1.548133014E0
2.692754750E0,1.180590868E0,-2.311617434E-1,2.069182694E-1,1.220674289E0
2.702792750E0,7.443068027E-1,-2.061150968E-1,1.390414536E-1,7.847347167E-1
2.712830750E0,2.351676971E-1,-1.800363511E-1,7.236094773E-2,3.048820103E-1
2.722868750E0,-2.995945513E-1,-1.306477338E-1,-6.263894029E-3,3.269020678E-1
2.732905750E0,-8.114503622E-1,-8.213318884E-2,-7.537505776E-2,8.190720056E-1
2.742943750E0,-1.250640512E0,-2.858363092E-2,-1.437816471E-1,1.259202873E0
2.752981750E0,-1.590879321E0,2.956409566E-2,-1.972382218E-1,1.603332145E0
2.763019750E0,-1.784998178E0,7.226477563E-2,-2.338768542E-1,1.801704492E0
2.773057750E0,-1.820162296E0,1.270087212E-1,-2.568277121E-1,1.842574957E0
2.783095750E0,-1.681979060E0,1.452279687E-1,-2.548346519E-1,1.707362124E0
2.793132750E0,-1.393181324E0,1.481225491E-1,-2.333349586E-1,1.420330840E0
2.803170750E0,-9.861477017E-1,1.402003914E-1,-1.929421574E-1,1.014578787E0
2.813208750E0,-4.880492091E-1,1.034541056E-1,-1.415471435E-1,5.185849750E-1
2.823246750E0,4.189709201E-2,7.030507922E-2,-7.717270404E-2,1.124890961E-1
2.833284750E0,5.682802200E-1,1.910048537E-2,-7.121977396E-3,5.686457241E-1
2.843322750E0,1.021262527E0,-2.113698982E-2,6.299967319E-2,1.023422141E0
2.853360750E0,1.386304379E0,-6.478033960E-2,1.270923764E-1,1.393624338E0
2.863397750E0,1.602605700E0,-7.531657070E-2,1.756199002E-1,1.613957858E0
2.873435750E0,1.679080844E0,-9.616299719E-2,2.117217034E-1,1.695106452E0
2.883473750E0,1.594640255E0,-7.838733494E-2,2.310719788E-1,1.613200662E0
2.893511750E0,1.376172543E0,-6.182780489E-2,2.303167135E-1,1.396681543E0
2.903549750E0,1.040300846E0,-2.899405733E-2,2.161539495E-1,1.062915347E0
2.913587750E0,6.295905113E-1,8.510442451E-3,1.857406497E-1,6.564725649E-1
2.923625750E0,1.691991389E-1,2.855594642E-2,1.467857510E-1,2.258093164E-1
2.933662750E0,-2.935099304E-1,5.657773092E-2,9.525198489E-2,3.137229024E-1
2.943700750E0,-7.284142375E-1,7.954491675E-2,3.839280084E-2,7.337497546E-1
2.953738750E0,-1.082601547E0,8.777141571E-2,-1.793279126E-2,1.086301761E0
2.963776750E0,-1.336714864E0,9.621328861E-2,-7.436927408E-2,1.342234858E0
2.973814750E0,-1.465400934E0,9.220522642E-2,-1.238294989E-1,1.473511264E0
2.983852750E0,-1.464594603E0,8.333297074E-2,-1.617748886E-1,1.475856649E0
2.993890750E0,-1.333511353E0,6.722112000E-2,-1.875122041E-1,1.348307099E0
3.003927750E0,-1.080105424E0,3.459031135E-2,-1.978643835E-1,1.098623926E0
3.013965750E0,-7.303801775E-1,-4.260414280E-3,-1.960473061E-1,7.562459263E-1
3.024003750E0,-3.111960590E-1,-5.243445933E-2,-1.794936508E-1,3.630569244E-1
3.034041750E0,1.309560686E-1,-9.194324911E-2,-1.510758549E-1,2.200612799E-1
3.044079750E0,5.676761270E-1,-1.244945377E-1,-1.163181514E-1,5.926929959E-1
3.054117750E0,9.518075585E-1,-1.441547871E-1,-7.143723220E-2,9.653090227E-1
3.064154750E0,1.255358815E0,-1.512516886E-1,-3.002807498E-2,1.264794257E0
3.074192750E0,1.441015482E0,-1.413375437E-1,1.062960550E-2,1.447969236E0
3.084230750E0,1.502178311E0,-1.061816588E-1,4.906856641E-2,1.506725572E0
3.094268750E0,1.428833604E0,-6.237691268E-2,7.937453687E-2,1.432395429E0
3.104306750E0,1.230553508E0,-1.694682986E-3,1.041169465E-1,1.234951475E0
3.114344750E0,9.195590019E-1,4.594660550E-2,1.208418608E-1,9.286025005E-1
3.124382750E0,5.289330482E-1,1.047046632E-1,1.301018149E-1,5.546708197E-1
3.134419750E0,7.585136592E-2,1.491674632E-1,1.290458739E-1,2.113225008E-1
3.144457750E0,-3.758668602E-1,1.821137667E-1,1.163730919E-1,4.335712365E-1
3.154495750E0,-8.063575029E-1,2.006983608E-1,9.691949934E-2,8.365916829E-1
3.164533750E0,-1.172881484E0,2.077249587E-1,7.521080226E-2,1.193506304E0
3.174571750E0,-1.438531280E0,1.975522041E-1,4.572933912E-2,1.452752659E0
3.184609750E0,-1.572870612E0,1.646648645E-1,1.678417623E-2,1.581555623E0
3.194646750E0,-1.563713551E0,1.130948812E-1,-1.309276093E-2,1.567852653E0
3.204684750E0,-1.412841201E0,4.594146833E-2,-3.775295243E-2,1.414091992E0
3.214722750E0,-1.136060715E0,-2.387249842E-2,-5.644088611E-2,1.137712361E0
3.224760750E0,-7.555576563E-1,-9.913996607E-2,-6.877024472E-2,7.651310028E-1
3.234798750E0,-3.072294593E-1,-1.686767042E-1,-7.442599535E-2,3.583029444E-1
3.244836750E0,1.580015719E-1,-2.358422577E-1,-7.847484946E-2,2.945239706E-1
3.254874750E0,6.078222394E-1,-2.748724818E-1,-7.450540364E-2,6.712330528E-1
3.264911750E0,9.867900610E-1,-2.960155904E-1,-6.824271381E-2,1.032490640E0
3.274949750E0,1.273108482E0,-2.881976068E-1,-5.926733464E-2,1.306665866E0
3.284987750E0,1.424946308E0,-2.545078397E-1,-4.906097054E-2,1.448327725E0
3.295025750E0,1.451892972E0,-2.021967024E-1,-3.772362694E-2,1.466390051E0
3.305063750E0,1.328272581E0,-1.145343035E-1,-3.232980892E-2,1.333593406E0
3.315101750E0,1.098835945E0,-3.132196516E-2,-2.178635262E-2,1.099498133E0
3.325139750E0,7.732217908E-1,6.347934157E-2,-1.517019607E-2,7.759714553E-1
3.335176750E0,3.852039874E-1,1.596490294E-1,-5.443799309E-3,4.170126610E-1
3.345214750E0,-2.461263351E-2,2.346791029E-1,2.667026827E-3,2.359813046E-1
3.355252750E0,-4.238601327E-1,3.077775538E-1,1.072255615E-2,5.239269109E-1
3.365290750E0,-7.754949927E-1,3.481611013E-1,1.525625028E-2,8.502007936E-1
3.375328750E0,-1.047824025E0,3.606968522E-1,1.824112050E-2,1.108318612E0
3.385366750E0,-1.222723484E0,3.524492979E-1,2.356750891E-2,1.272724893E0
3.395403750E0,-1.278443813E0,3.127996027E-1,2.720645256E-2,1.316435477E0
3.405441750E0,-1.216390133E0,2.535293102E-1,3.273207322E-2,1.242961566E0
3.415479750E0,-1.043993592E0,1.754717976E-1,3.970715776E-2,1.059381721E0
3.425517750E0,-7.757385969E-1,7.404206693E-2,4.384790733E-2,7.804967888E-1
3.435555750E0,-4.375139177E-1,-2.717961743E-2,4.943681881E-2,4.411362135E-1
3.445593750E0,-5.811317265E-2,-1.331333965E-1,5.095038563E-2,1.539401958E-1
3.455631750E0,3.276744783E-1,-2.322866023E-1,4.749173671E-2,4.044540695E-1
3.465668750E0,6.830466986E-1,-3.151941299E-1,4.026178271E-2,7.533399917E-1
3.475706750E0,9.708697200E-1,-3.651118875E-1,2.786956169E-2,1.037627783E0
3.485744750E0,1.179638863E0,-3.973441422E-1,7.883103564E-3,1.244786069E0
3.495782750E0,1.275621057E0,-3.851663172E-1,-1.226157974E-2,1.332558636E0
3.505819875E0,1.264371037E0,-3.606625199E-1,-3.520324454E-2,1.315275957E0
3.515857875E0,1.144156933E0,-2.941167653E-1,-5.813385919E-2,1.182784555E0
3.525894875E0,9.237316251E-1,-2.175694257E-1,-7.608565688E-2,9.520533585E-1
3.535932875E0,6.262189746E-1,-1.243566498E-1,-9.076873213E-2,6.448672291E-1
3.545970875E0,2.640006840E-1,-1.741821878E-2,-9.652248025E-2,2.816315762E-1
3.556008875E0,-1.269313842E-1,8.564265072E-2,-9.878990054E-2,1.822242694E-1
3.566046875E0,-5.021453500E-1,1.878150553E-1,-9.195429832E-2,5.439485642E-1
3.576084875E0,-8.438970447E-1,2.739584744E-1,-7.995861769E-2,8.908472642E-1
3.586122875E0,-1.116006374E0,3.428695202E-1,-6.315118819E-2,1.169195368E0
3.596159875E0,-1.297096014E0,3.873160779E-1,-4.139875993E-2,1.354321111E0
3.606197875E0,-1.358821869E0,3.893167078E-1,-1.703953184E-2,1.413596377E0
3.616235875E0,-1.295765400E0,3.738725185E-1,1.045946963E-2,1.348665278E0
3.626273875E0,-1.118453264E0,3.120569289E-1,4.169468582E-2,1.161918964E0
3.636311875E0,-8.353226781E-1,2.301583439E-1,6.808527559E-2,8.691216512E-1
3.646349875E0,-4.779369831E-1,1.231289655E-1,9.510968626E-2,5.026234718E-1
3.656386875E0,-8.588480204E-2,1.253001764E-2,1.185668111E-1,1.469397470E-1
3.666424875E0,3.152610660E-1,-9.991070628E-2,1.322398782E-1,3.561728152E-1
3.676462875E0,6.800281405E-1,-2.054768205E-1,1.355307400E-1,7.232064554E-1
3.686500875E0,9.735639691E-1,-2.929879427E-1,1.280093342E-1,1.024721975E0
3.696538875E0,1.172751904E0,-3.541932702E-1,1.077682376E-1,1.229802380E0
3.706576875E0,1.242935419E0,-3.839989305E-1,8.249375969E-2,1.303514041E0
3.716614875E0,1.205739498E0,-3.827254176E-1,4.641405493E-2,1.265875486E0
3.726651875E0,1.044719100E0,-3.502392471E-1,6.506603677E-3,1.101883780E0
3.736689875E0,7.936232090E-1,-2.944191396E-1,-3.383655846E-2,8.471513090E-1
3.746727875E0,4.756177962E-1,-2.141533941E-1,-7.272790372E-2,5.266529334E-1
3.756765875E0,1.147118062E-1,-1.151924655E-1,-1.006362289E-1,1.911955887E-1
3.766803875E0,-2.432905287E-1,-1.709981263E-2,-1.268085241E-1,2.748874073E-1
3.776841875E0,-5.705533028E-1,8.608383685E-2,-1.433664709E-1,5.945548278E-1
3.786879875E0,-8.411138654E-1,1.797311157E-1,-1.478497088E-1,8.727172193E-1
3.796916875E0,-1.024635673E0,2.591031790E-1,-1.407979131E-1,1.066225479E0
3.806954875E0,-1.112374783E0,3.220179677E-1,-1.271159649E-1,1.165002874E0
3.816992875E0,-1.084474444E0,3.540962934E-1,-1.038042456E-1,1.145532333E0
3.827030875E0,-9.598501325E-1,3.648063242E-1,-6.949448586E-2,1.029186773E0
3.837068875E0,-7.420919538E-1,3.414767683E-1,-3.037345596E-2,8.174529943E-1
3.847106875E0,-4.581390917E-1,2.936388552E-1,1.359022595E-2,5.443343632E-1
3.857143875E0,-1.337615550E-1,2.203470469E-1,5.646978319E-2,2.638821916E-1
3.867181875E0,2.041930854E-1,1.391538829E-1,9.786896408E-2,2.657761340E-1
3.877219875E0,5.280153155E-1,4.141373932E-2,1.343100518E-1,5.464013738E-1
3.887257875E0,7.960929275E-1,-5.165481195E-2,1.546776444E-1,8.126237398E-1
3.897295875E0,9.989373684E-1,-1.327922642E-1,1.635699272E-1,1.020913695E0
3.907333875E0,1.107406855E0,-1.990912408E-1,1.612387896E-1,1.136655274E0
3.917371875E0,1.120875478E0,-2.446038574E-1,1.460779607E-1,1.156517036E0
3.927408875E0,1.044634342E0,-2.756981552E-1,1.195174828E-1,1.086993473E0
3.937446875E0,8.748161197E-1,-2.804031372E-1,8.662079275E-2,9.227309057E-1
3.947484875E0,6.290926337E-1,-2.715121210E-1,4.845327139E-2,6.868945284E-1
3.957522875E0,3.286196589E-1,-2.488310337E-1,6.234977394E-3,4.122458472E-1
3.967560875E0,-1.804197673E-3,-2.060548514E-1,-3.612780571E-2,2.092058203E-1
3.977598875E0,-3.303309381E-1,-1.540049762E-1,-7.447572798E-2,3.719982465E-1
3.987635875E0,-6.466906071E-1,-8.486675471E-2,-1.037588567E-1,6.604369824E-1
3.997673875E0,-9.061408043E-1,-1.572309993E-2,-1.271603107E-1,9.151546960E-1
4.007711875E0,-1.089681864E0,5.295007676E-2,-1.416705102E-1,1.100127633E0
4.017749875E0,-1.175226569E0,1.117356345E-1,-1.432028860E-1,1.189180141E0
4.027787875E0,-1.156815171E0,1.594548374E-1,-1.378827393E-1,1.175865143E0
4.037825875E0,-1.043562889E0,1.932141334E-1,-1.175377816E-1,1.067787589E0
4.047863875E0,-8.314720988E-1,2.033054829E-1,-9.000703692E-2,8.606859109E-1
4.057900875E0,-5.435854793E-1,2.016340941E-1,-5.415317044E-2,5.823006500E-1
4.067938875E0,-2.097565234E-1,1.744355559E-1,-1.319786627E-2,2.731295406E-1
4.077976875E0,1.354317665E-1,1.388349533E-1,2.795756049E-2,1.959554358E-1
4.088014875E0,4.703843594E-1,8.979013562E-2,6.968245655E-2,4.839208187E-1
4.098052875E0,7.486005425E-1,4.092565551E-2,1.029077843E-1,7.567481045E-1
4.108090875E0,9.587346911E-1,-5.968957208E-3,1.281909347E-1,9.672852486E-1
4.118127875E0,1.067209482E0,-5.477777869E-2,1.460519582E-1,1.078548960E0
4.128165875E0,1.071208119E0,-7.949440181E-2,1.492652595E-1,1.084475132E0
4.138203875E0,9.722855687E-1,-1.012641490E-1,1.407244951E-1,9.876219107E-1
4.148241875E0,7.842808962E-1,-1.098468378E-1,1.172130033E-1,8.005633892E-1
4.158279875E0,5.256149769E-1,-1.068585068E-1,9.117767215E-2,5.440617725E-1
4.168317875E0,2.144874185E-1,-9.645428509E-2,5.593625456E-2,2.417377637E-1
4.178355875E0,-1.069707647E-1,-8.362211287E-2,1.687993109E-2,1.368222728E-1
4.188392875E0,-4.161836505E-1,-6.161255762E-2,-2.156411298E-2,4.212718234E-1
4.198430875E0,-6.763424873E-1,-4.230890423E-2,-5.784542486E-2,6.801288824E-1
4.208468875E0,-8.739125729E-1,-1.563261822E-2,-9.110923856E-2,8.787880615E-1
4.218506875E0,-9.762365222E-1,5.766679067E-3,-1.124656573E-1,9.827102960E-1
4.228544875E0,-9.858772755E-1,2.196025476E-2,-1.263166815E-1,9.941791383E-1
4.238582875E0,-8.944754601E-1,3.653094172E-2,-1.262266636E-1,9.040763402E-1
4.248619875E0,-7.226905823E-1,4.271473363E-2,-1.198501214E-1,7.338053405E-1
4.258657875E0,-4.788806140E-1,3.901027516E-2,-1.037342697E-1,4.915376311E-1
4.268695875E0,-1.945833564E-1,3.818016872E-2,-7.905901968E-2,2.134730345E-1
4.278733875E0,1.080574691E-1,2.290134877E-2,-4.979727045E-2,1.211637592E-1
4.288771875E0,4.058481157E-1,1.580677927E-2,-1.778545976E-2,4.065450404E-1
4.298809875E0,6.638666391E-1,9.847157635E-3,1.493786555E-2,6.641076877E-1
4.308847875E0,8.586351871E-1,1.489392016E-3,4.339314252E-2,8.597322651E-1
4.318884875E0,9.771586061E-1,6.680159364E-3,6.600311399E-2,9.794079727E-1
4.328922875E0,1.004051089E0,1.358627714E-2,8.393549174E-2,1.007644949E0
4.338960875E0,9.564802051E-1,2.492761612E-2,9.518441558E-2,9.615278684E-1
4.348998875E0,8.218868971E-1,4.253987595E-2,9.729821980E-2,8.287186834E-1
4.359036875E0,6.231114864E-1,4.975171387E-2,9.289575368E-2,6.319594755E-1
4.369074875E0,3.709805608E-1,6.352186948E-2,8.211363852E-2,3.852327271E-1
4.379111875E0,7.982940227E-2,7.325413078E-2,6.392771006E-2,1.258000527E-1
4.389149875E0,-2.098904401E-1,7.522037625E-2,4.411426187E-2,2.272843372E-1
4.399187875E0,-4.877324402E-1,7.552823424E-2,1.921610534E-2,4.939197365E-1
4.409225875E0,-7.253632545E-1,6.218396500E-2,-4.412057810E-3,7.280371988E-1
4.419263875E0,-9.048470259E-1,5.134649947E-2,-2.731018327E-2,9.067140946E-1
4.429301875E0,-1.008238316E0,3.135998175E-2,-4.834805056E-2,1.009883896E0
4.439338875E0,-1.014332652E0,-4.001737572E-3,-6.260181963E-2,1.016270501E0
4.449376875E0,-9.412418604E-1,-2.874401957E-2,-6.932380050E-2,9.442289170E-1
4.459414875E0,-7.804287672E-1,-7.984847575E-2,-7.286421210E-2,7.878794534E-1
4.469452875E0,-5.574868321E-1,-1.051940992E-1,-6.882224232E-2,5.714839172E-1
4.479490875E0,-2.824936211E-1,-1.405592710E-1,-5.960024521E-2,3.211101740E-1
4.489528875E0,1.209019404E-2,-1.645308584E-1,-4.480783641E-2,1.709512163E-1
4.499566875E0,3.052560091E-1,-1.754990965E-1,-2.766906470E-2,3.531950468E-1
4.509604167E0,5.586576462E-1,-1.750951260E-1,-1.049613021E-2,5.855483221E-1
4.519642167E0,7.595034242E-1,-1.550753564E-1,6.858092733E-3,7.752037480E-1
4.529680167E0,8.833196759E-1,-1.236853451E-1,2.201763541E-2,8.922087708E-1
4.539718167E0,9.175341129E-1,-7.810960710E-2,3.062550537E-2,9.213619705E-1
4.549756167E0,8.681360483E-1,-3.040591627E-2,3.682783246E-2,8.694486801E-1
4.559794167E0,7.257243395E-1,3.716513887E-2,3.956023231E-2,7.277513837E-1
4.569831167E0,5.229477286E-1,9.827123582E-2,3.685313836E-2,5.333757742E-1
4.579869167E0,2.719961703E-1,1.580341756E-1,3.256385401E-2,3.162548370E-1
4.589907167E0,-5.091189872E-3,2.008671463E-1,2.184884064E-2,2.021160619E-1
4.599945167E0,-2.804622948E-1,2.411945909E-1,1.411102619E-2,3.701797544E-1
4.609983167E0,-5.214179754E-1,2.509706318E-1,1.102025621E-3,5.786745006E-1
4.620021167E0,-7.030924559E-1,2.433894277E-1,-1.338210795E-2,7.441481679E-1
4.630059167E0,-8.177307248E-1,2.120607346E-1,-2.379068546E-2,8.451149568E-1
4.640096167E0,-8.483802080E-1,1.607022136E-1,-3.194874898E-2,8.640572327E-1
4.650134167E0,-7.932243943E-1,1.006044596E-1,-3.429724649E-2,8.003139997E-1
4.660172167E0,-6.561352611E-1,2.887540869E-2,-3.475743905E-2,6.576894021E-1
4.670210167E0,-4.606335461E-1,-4.449227825E-2,-3.082316741E-2,4.638026458E-1
4.680248167E0,-2.159833312E-1,-1.182200313E-1,-2.369335108E-2,2.473583434E-1
4.690286167E0,4.468689486E-2,-1.838513166E-1,-1.538149640E-2,1.898283846E-1
4.700323167E0,3.059794903E-1,-2.330508083E-1,-7.989093661E-3,3.847076206E-1
4.710361167E0,5.368505120E-1,-2.657479048E-1,1.546861837E-3,5.990265553E-1
4.720399167E0,7.223266363E-1,-2.777203918E-1,7.686779834E-3,7.739143829E-1
4.730437167E0,8.315715194E-1,-2.611583769E-1,1.419432648E-2,8.717318215E-1
4.740475167E0,8.662704229E-1,-2.200732678E-1,1.672459580E-2,8.939442941E-1
4.750513167E0,8.266694546E-1,-1.678521633E-1,1.793423668E-2,8.437288502E-1
4.760550167E0,7.233206630E-1,-9.791594744E-2,1.425800938E-2,7.300572615E-1
4.770588167E0,5.543321371E-1,-3.172611818E-2,9.587574750E-3,5.553220565E-1
4.780626167E0,3.435703516E-1,3.997603059E-2,5.241296254E-3,3.459279415E-1
4.790664167E0,1.018109247E-1,1.173710003E-1,-3.638845170E-3,1.554176866E-1
4.800702167E0,-1.437572837E-1,1.770082414E-1,-8.693790995E-3,2.281965296E-1
4.810740167E0,-3.796198368E-1,2.336575389E-1,-1.581056416E-2,4.460460065E-1
4.820778167E0,-5.843474269E-1,2.664817870E-1,-2.063567936E-2,6.425731782E-1
4.830815167E0,-7.348820567E-1,2.831751704E-1,-2.416178584E-2,7.879236044E-1
4.840853167E0,-8.249512315E-1,2.853480577E-1,-2.447071113E-2,8.732507453E-1
4.850891167E0,-8.378729224E-1,2.487925440E-1,-2.323013172E-2,8.743388377E-1
4.860929167E0,-7.882302403E-1,2.088086456E-1,-1.877599396E-2,8.156350288E-1
4.870967167E0,-6.665768623E-1,1.369950026E-1,-9.320359677E-3,6.805727097E-1
4.881005167E0,-4.868829548E-1,6.735706329E-2,-1.016090973E-3,4.915211268E-1
4.891042167E0,-2.691187859E-1,-1.296182629E-2,1.402455568E-2,2.697955115E-1
4.901080167E0,-2.582463622E-2,-9.921362251E-2,1.986832917E-2,1.044270330E-1
4.911118167E0,2.107464820E-1,-1.705694944E-1,3.481706232E-2,2.733500684E-1
4.921156167E0,4.271469414E-1,-2.362561077E-1,3.870208189E-2,4.896624441E-1
4.931194167E0,5.969125628E-1,-2.788168788E-1,4.630807042E-2,6.604452263E-1
4.941232167E0,7.075058818E-1,-2.995330691E-1,4.247285053E-2,7.694729204E-1
4.951270167E0,7.430830002E-1,-2.996805608E-1,3.743911535E-2,8.021112585E-1
4.961307167E0,7.083444595E-1,-2.770375609E-1,2.521387488E-2,7.610107903E-1
4.971345167E0,5.999102592E-1,-2.289176285E-1,1.279618125E-2,6.422299760E-1
4.981383167E0,4.367919564E-1,-1.648417115E-1,-2.245885320E-3,4.668672692E-1
4.991421167E0,2.315039635E-1,-8.327478915E-2,-1.858443208E-2,2.467268869E-1
5.001459167E0,2.036946360E-3,-4.641230684E-3,-3.489389643E-2,3.526009332E-2
5.011497167E0,-2.233083397E-1,8.261074126E-2,-4.550850391E-2,2.424091027E-1
5.021534167E0,-4.259458482E-1,1.615649462E-1,-5.300264060E-2,4.586309817E-1
5.031572167E0,-5.829485655E-1,2.228620201E-1,-5.928668380E-2,6.269062297E-1
5.041610167E0,-6.770689487E-1,2.621987760E-1,-5.934154615E-2,7.284860868E-1
5.051648167E0,-7.104893327E-1,2.792304456E-1,-5.415870249E-2,7.653090217E-1
5.061686167E0,-6.652430296E-1,2.769779563E-1,-4.428503290E-2,7.219599995E-1
5.071724167E0,-5.543848276E-1,2.526094019E-1,-3.296852112E-2,6.101155386E-1
5.081762167E0,-3.845322132E-1,2.021483481E-1,-1.564838551E-2,4.347112255E-1
5.091799167E0,-1.790483892E-1,1.412447840E-1,1.127421856E-4,2.280535625E-1
5.101837167E0,4.439747334E-2,7.035701722E-2,1.954209991E-2,8.545840614E-2
5.111875167E0,2.675063610E-1,2.121403813E-4,3.447901085E-2,2.697192992E-1
5.121913167E0,4.685081840E-1,-7.078773528E-2,4.895808548E-2,4.763483138E-1
5.131951167E0,6.223103404E-1,-1.378476322E-1,5.609995499E-2,6.398588394E-1
5.141989167E0,7.185098529E-1,-1.848990172E-1,6.159645319E-2,7.444717445E-1
5.152026167E0,7.460461259E-1,-2.054905295E-1,6.160592660E-2,7.762773151E-1
5.162064167E0,7.091818452E-1,-2.169991136E-1,5.461806059E-2,7.436468499E-1
5.172102167E0,6.151703596E-1,-2.093761265E-1,4.546299949E-2,6.514137073E-1
5.182140167E0,4.603541493E-1,-1.922962070E-1,3.058232181E-2,4.998390265E-1
5.192178167E0,2.753360271E-1,-1.552513987E-1,1.624283008E-2,3.165071155E-1
5.202216167E0,6.990883499E-2,-1.119332090E-1,5.336424801E-4,1.319718654E-1
5.212253167E0,-1.395371854E-1,-5.958242342E-2,-1.524632052E-2,1.524898081E-1
5.222291167E0,-3.339170516E-1,-8.254523389E-3,-2.832297422E-2,3.352177283E-1
5.232329167E0,-5.038328171E-1,4.398848489E-2,-4.043671861E-2,5.073634029E-1
5.242367167E0,-6.211911440E-1,9.506232291E-2,-4.800781980E-2,6.302539436E-1
5.252405167E0,-6.852986813E-1,1.397021711E-1,-5.198780075E-2,7.013228291E-1
5.262443167E0,-6.911574602E-1,1.660552174E-1,-5.380487442E-2,7.128589864E-1
5.272480167E0,-6.364055276E-1,1.788580418E-1,-4.769947380E-2,6.627800800E-1
5.282518167E0,-5.301938653E-1,1.830498576E-1,-3.514293581E-2,5.620033907E-1
5.292556167E0,-3.754969835E-1,1.655899137E-1,-2.251262777E-2,4.110046503E-1
5.302594167E0,-1.913873255E-1,1.391519159E-1,-5.889441818E-3,2.367003371E-1
5.312632167E0,5.583157763E-4,9.636618197E-2,1.066486351E-2,9.695613471E-2
5.322670167E0,1.922518462E-1,5.272043869E-2,2.827022225E-2,2.013440401E-1
5.332708167E0,3.596743643E-1,9.706309065E-3,4.514949769E-2,3.626269956E-1
5.342745167E0,4.934808910E-1,-3.756479919E-2,5.450997502E-2,4.979014373E-1
5.352783167E0,5.722264051E-1,-7.622131705E-2,6.086308882E-2,5.804800285E-1
5.362821167E0,5.938427448E-1,-1.137148961E-1,6.190838292E-2,6.077934938E-1
5.372859167E0,5.533610582E-1,-1.330119073E-1,5.835416168E-2,5.721064905E-1
5.382897167E0,4.633358121E-1,-1.431447119E-1,4.731216282E-2,4.872462663E-1
5.392935167E0,3.230469823E-1,-1.439551264E-1,3.407095000E-2,3.553072766E-1
5.402972167E0,1.542134732E-1,-1.340359151E-1,1.562110335E-2,2.049181318E-1
5.413010167E0,-3.105131723E-2,-1.114137471E-1,-8.855813649E-4,1.156632681E-1
5.423048167E0,-2.164755017E-1,-8.199381083E-2,-1.857642643E-2,2.322277146E-1
5.433086167E0,-3.773222864E-1,-4.630077630E-2,-3.586997837E-2,3.818409682E-1
5.443124167E0,-5.010972023E-1,-1.402219851E-2,-4.928299040E-2,5.037100767E-1
5.453162167E0,-5.762052536E-1,1.843460277E-2,-5.739721283E-2,5.793502990E-1
5.463199167E0,-5.939629078E-1,4.810887575E-2,-6.064733490E-2,5.989862260E-1
5.473237167E0,-5.517759323E-1,6.844483316E-2,-5.877126008E-2,5.591023481E-1
5.483275167E0,-4.528440535E-1,8.464137465E-2,-5.513977259E-2,4.639744536E-1
5.493313167E0,-3.080367148E-1,8.254934847E-2,-4.473111406E-2,3.220277708E-1
5.503351417E0,-1.286735982E-1,7.960176468E-2,-3.343318403E-2,1.549551987E-1
5.513389417E0,6.585279852E-2,7.245010138E-2,-1.972720213E-2,9.987377417E-2
5.523427417E0,2.549319267E-1,5.971166864E-2,-1.920775045E-3,2.618386144E-1
5.533464417E0,4.237144291E-1,4.437176138E-2,1.225649007E-2,4.262076867E-1
5.543502417E0,5.498644114E-1,2.722872607E-2,2.597629651E-2,5.511506531E-1
5.553540417E0,6.256657243E-1,1.560324710E-2,3.691652790E-2,6.269480759E-1
5.563578417E0,6.459022760E-1,9.664131328E-3,4.242900759E-2,6.473664853E-1
5.573616417E0,6.057457328E-1,4.442788195E-3,4.531923681E-2,6.074549073E-1
5.583654417E0,5.117427707E-1,1.531952992E-3,4.172876477E-2,5.134435704E-1
5.593691417E0,3.755893409E-1,1.631613122E-3,3.857785836E-2,3.775688895E-1
5.603729417E0,2.043353021E-1,5.508110393E-3,3.109624051E-2,2.067612902E-1
5.613767417E0,2.757422253E-2,8.038213477E-3,2.064686827E-2,3.537292459E-2
5.623805417E0,-1.546704173E-1,6.013145670E-3,9.531366639E-3,1.550804400E-1
5.633843417E0,-3.157142997E-1,5.187647417E-3,-2.599244006E-3,3.157676151E-1
5.643881417E0,-4.474118650E-1,6.956937723E-4,-1.154293772E-2,4.475612811E-1
5.653918417E0,-5.371410251E-1,-3.640390467E-3,-2.020821907E-2,5.375333528E-1
5.663956417E0,-5.714976788E-1,-1.006393507E-2,-2.742911316E-2,5.722440352E-1
5.673994417E0,-5.618625879E-1,-2.298517525E-2,-3.088751808E-2,5.631801885E-1
5.684032417E0,-4.977925420E-1,-3.143831342E-2,-2.959881537E-2,4.996617579E-1
5.694070417E0,-3.970509768E-1,-3.968237713E-2,-2.597321942E-2,3.998734516E-1
5.704108417E0,-2.564142346E-1,-5.396571010E-2,-1.996379532E-2,2.627910020E-1
5.714146417E0,-9.878787398E-2,-6.163688004E-2,-1.093208138E-2,1.169515260E-1
5.724183417E0,6.181831285E-2,-7.468423992E-2,-8.978227852E-4,9.695383222E-2
5.734221417E0,2.142066061E-1,-7.228105515E-2,8.891521953E-3,2.262478292E-1
5.744259417E0,3.404958248E-1,-6.782905012E-2,1.689511910E-2,3.475969387E-1
5.754297417E0,4.361893237E-1,-5.689330772E-2,2.536130697E-2,4.406145372E-1
5.764335417E0,4.795154929E-1,-4.426113516E-2,3.165142983E-2,4.825929641E-1
5.774373417E0,4.726616144E-1,-1.895984076E-2,3.225928918E-2,4.741404212E-1
5.784410417E0,4.199433029E-1,7.102918811E-3,3.190056235E-2,4.212130992E-1
5.794448417E0,3.278270960E-1,3.638200462E-2,2.815452032E-2,3.310391701E-1
5.804486417E0,1.972781569E-1,6.092143431E-2,2.258718200E-2,2.077023667E-1
5.814524417E0,4.923469573E-2,8.171248436E-2,1.216513477E-2,9.617159595E-2
5.824562417E0,-1.043836325E-1,9.895911813E-2,3.594816662E-3,1.438811055E-1
5.834600417E0,-2.527766824E-1,1.097920239E-1,-7.634337060E-3,2.756966136E-1
5.844637417E0,-3.681347072E-1,1.066795886E-1,-1.622835919E-2,3.836235875E-1
5.854675417E0,-4.529819191E-1,9.411525726E-2,-2.575861663E-2,4.633722121E-1
5.864713417E0,-4.941059053E-1,7.457564771E-2,-2.996188402E-2,5.005995279E-1
5.874751417E0,-4.867881835E-1,4.793766886E-2,-3.367090970E-2,4.903004036E-1
5.884789417E0,-4.289126396E-1,1.328541525E-2,-3.540036455E-2,4.305760566E-1
5.894827417E0,-3.301253319E-1,-2.392546274E-2,-3.131084889E-2,3.324688433E-1
5.904864417E0,-2.016573846E-1,-6.598422676E-2,-2.716190927E-2,2.139097667E-1
5.914902417E0,-4.697378352E-2,-9.609269351E-2,-2.102020755E-2,1.090054641E-1
5.924940417E0,1.122249290E-1,-1.221938059E-1,-1.359851006E-2,1.664652527E-1
5.934978417E0,2.687275410E-1,-1.415263563E-1,-8.312918246E-3,3.038310475E-1
5.945016417E0,3.950055838E-1,-1.460811645E-1,8.411649615E-4,4.211529715E-1
5.955054417E0,4.839215875E-1,-1.388643682E-1,7.922461256E-3,5.035138339E-1
5.965092417E0,5.263563991E-1,-1.148096398E-1,1.618704945E-2,5.389752618E-1
5.975129417E0,5.262294412E-1,-7.977011800E-2,1.506097708E-2,5.324542511E-1
5.985167417E0,4.678164423E-1,-3.164972737E-2,1.429478545E-2,4.691036877E-1
5.995205417E0,3.798438013E-1,1.351634413E-2,1.357668452E-2,3.803266113E-1
6.005243417E0,2.533391416E-1,6.551429629E-2,9.132933803E-3,2.618324926E-1
6.015281417E0,1.105935350E-1,1.129625216E-1,6.170957349E-3,1.582072754E-1
6.025319417E0,-3.844973817E-2,1.523527950E-1,9.474330582E-4,1.571326005E-1
6.035356417E0,-1.791995615E-1,1.744022965E-1,-6.200741045E-3,2.501341501E-1
6.045394417E0,-3.021715581E-1,1.849404275E-1,-9.982962161E-3,3.544153944E-1
6.055432417E0,-3.908173740E-1,1.842407137E-1,-1.153432578E-2,4.322220507E-1
6.065470417E0,-4.422611296E-1,1.661716998E-1,-1.737277396E-2,4.727681819E-1
6.075508417E0,-4.475393891E-1,1.340790093E-1,-1.886681654E-2,4.675731412E-1
6.085546417E0,-4.140677154E-1,8.470295370E-2,-1.536529139E-2,4.229216895E-1
6.095583417E0,-3.426750898E-1,3.328474611E-2,-1.154841762E-2,3.444814327E-1
6.105621417E0,-2.408661693E-1,-1.808097214E-2,-6.449263077E-3,2.416299362E-1
6.115659417E0,-1.182547957E-1,-7.405643910E-2,5.917639937E-4,1.395310111E-1
6.125697417E0,1.239268854E-2,-1.222439408E-1,7.376166992E-3,1.230917042E-1
6.135735417E0,1.366920024E-1,-1.637655497E-1,1.564395055E-2,2.138892049E-1
6.145773417E0,2.424442619E-1,-1.899673194E-1,2.229279839E-2,3.088102515E-1
6.155810417E0,3.272655904E-1,-2.037176043E-1,2.781345882E-2,3.864934895E-1
6.165848417E0,3.710924089E-1,-2.018965334E-1,3.072882257E-2,4.235753140E-1
6.175886417E0,3.774556220E-1,-1.862897724E-1,3.076111712E-2,4.220460546E-1
6.185924417E0,3.417716622E-1,-1.485394537E-1,2.892673202E-2,3.737761285E-1
6.195962417E0,2.717683315E-1,-1.043727994E-1,2.477007173E-2,2.921733453E-1
6.206000417E0,1.709168106E-1,-4.914443195E-2,1.981925406E-2,1.789428238E-1
6.216037417E0,5.409664288E-2,3.424311755E-3,1.378704142E-2,5.593080719E-2
6.226075417E0,-7.168152183E-2,6.002740562E-2,5.405274220E-3,9.365226632E-2
6.236113417E0,-1.925697476E-1,1.101348400E-1,-2.245576121E-3,2.218509258E-1
6.246151417E0,-2.917985618E-1,1.493528187E-1,-1.088700071E-2,3.279804749E-1
6.256189417E0,-3.704461157E-1,1.792973280E-1,-1.803800091E-2,4.119505140E-1
6.266227417E0,-4.122889042E-1,1.909529269E-1,-2.207189053E-2,4.548981525E-1
6.276264417E0,-4.154130518E-1,1.904514432E-1,-2.595259249E-2,4.577262205E-1
6.286302417E0,-3.721068501E-1,1.715264767E-1,-2.957289293E-2,4.108033546E-1
6.296340417E0,-2.982003987E-1,1.356819421E-1,-2.856920287E-2,3.288605579E-1
6.306378417E0,-1.951946765E-1,8.889687061E-2,-2.704534307E-2,2.161829455E-1
6.316416417E0,-7.047513127E-2,3.846516088E-2,-2.040349320E-2,8.284090333E-2
6.326454417E0,6.104214489E-2,-1.345449500E-2,-1.798267849E-2,6.504262921E-2
6.336492417E0,1.945379525E-1,-6.770517677E-2,-9.996480308E-3,2.062254484E-1
6.346529417E0,3.034620285E-1,-1.144780070E-1,-4.456039984E-3,3.243674970E-1
6.356567417E0,3.858410120E-1,-1.533151418E-1,9.418965783E-4,4.151863514E-1
6.366605417E0,4.349097610E-1,-1.713559330E-1,5.586449057E-3,4.674832236E-1
6.376643417E0,4.466610253E-1,-1.779755503E-1,8.239110932E-3,4.808838227E-1
6.386681417E0,4.113680124E-1,-1.680616736E-1,9.761907160E-3,4.444813411E-1
6.396719417E0,3.380076289E-1,-1.446260959E-1,9.506445378E-3,3.677719909E-1
6.406756417E0,2.362455875E-1,-1.052720249E-1,6.858464330E-3,2.587300047E-1
6.416794417E0,1.206574440E-1,-5.655064061E-2,2.832991304E-3,1.332824804E-1
6.426832417E0,-4.475445952E-3,-5.441652145E-3,1.155019272E-4,7.046597423E-3
6.436870417E0,-1.274898201E-1,4.274066165E-2,-4.686435685E-3,1.345450894E-1
6.446908417E0,-2.369204462E-1,9.219289571E-2,-6.909642369E-3,2.543198203E-1
6.456946417E0,-3.186255991E-1,1.330391020E-1,-9.272625670E-3,3.454094044E-1
6.466983417E0,-3.630141020E-1,1.631040573E-1,-1.064921357E-2,3.981150305E-1
6.477021417E0,-3.717409074E-1,1.730313450E-1,-1.157559734E-2,4.102013445E-1
6.487059417E0,-3.469245136E-1,1.713729948E-1,-1.059475541E-2,3.870885820E-1
6.497097417E0,-2.857228518E-1,1.544090062E-1,-6.794335321E-3,3.248474291E-1
6.507135750E0,-1.967578083E-1,1.279885769E-1,-2.515434986E-3,2.347361037E-1
6.517173750E0,-8.914399892E-2,8.948515356E-2,2.557563130E-3,1.263360059E-1
6.527210750E0,2.399640717E-2,4.403804243E-2,7.773364428E-3,5.075038849E-2
6.537248750E0,1.324097514E-1,-3.210129216E-3,9.471880272E-3,1.327869109E-1
6.547286750E0,2.266166657E-1,-4.594081640E-2,1.533376426E-2,2.317343223E-1
6.557324750E0,2.973979712E-1,-8.846309036E-2,1.635930687E-2,3.107070944E-1
6.567362750E0,3.334079087E-1,-1.225651428E-1,1.818224043E-2,3.556875619E-1
6.577400750E0,3.341412246E-1,-1.454131305E-1,1.645932160E-2,3.647824637E-1
6.587437750E0,2.991526127E-1,-1.568444818E-1,1.555011794E-2,3.381335288E-1
6.597475750E0,2.383872420E-1,-1.514624059E-1,1.416482311E-2,2.827896387E-1
6.607513750E0,1.505327523E-1,-1.399831176E-1,1.185319852E-2,2.059026008E-1
6.617551750E0,4.742624611E-2,-1.203507259E-1,8.756249212E-3,1.296542246E-1
6.627589750E0,-6.625051796E-2,-8.857361227E-2,4.899725318E-3,1.107177638E-1
6.637627750E0,-1.738625467E-1,-5.055238679E-2,3.197013633E-3,1.810909988E-1
6.647664750E0,-2.653325200E-1,-1.075544022E-2,3.145081690E-3,2.655690441E-1
6.657702750E0,-3.338375688E-1,2.434661984E-2,-1.268574968E-3,3.347265892E-1
6.667740750E0,-3.773501515E-1,5.758074299E-2,-9.354135254E-4,3.817192081E-1
6.677778750E0,-3.817788064E-1,8.914291114E-2,-2.151913475E-3,3.920537545E-1
6.687816750E0,-3.517580628E-1,1.061754227E-1,-3.376967506E-3,3.674484441E-1
6.697854750E0,-2.870638669E-1,1.155622080E-1,-2.974442905E-3,3.094658865E-1
6.707892750E0,-1.985736638E-1,1.088385284E-1,-2.618111903E-3,2.264601063E-1
6.717929750E0,-9.070710838E-2,9.567549080E-2,-8.301461348E-4,1.318418302E-1
6.727967750E0,3.010133840E-2,7.764482498E-2,-1.501262654E-3,8.328903415E-2
6.738005750E0,1.463035792E-1,5.808468536E-2,-1.141413813E-3,1.574162342E-1
6.748043750E0,2.525280416E-1,2.430222183E-2,-1.591754379E-3,2.536997112E-1
6.758081750E0,3.346745074E-1,1.615226502E-3,-3.145869588E-3,3.346931899E-1
6.768119750E0,3.838431239E-1,-2.137078345E-2,-5.325932987E-3,3.844744721E-1
6.778156750E0,3.986948431E-1,-3.884531930E-2,-7.367393002E-3,4.006504901E-1
6.788194750E0,3.788838387E-1,-5.366234854E-2,-1.100766845E-2,3.828234314E-1
6.798232750E0,3.196896315E-1,-6.326469779E-2,-1.355539262E-2,3.261711684E-1
6.808270750E0,2.353446633E-1,-6.214510649E-2,-2.050970495E-2,2.442739707E-1
6.818308750E0,1.318778545E-1,-5.901053548E-2,-2.084130794E-2,1.459738741E-1
6.828346750E0,2.047595754E-2,-4.683269933E-2,-2.533459291E-2,5.704742029E-2
6.838383750E0,-9.095220268E-2,-3.227334097E-2,-2.693220600E-2,1.001958853E-1
6.848421750E0,-1.926359385E-1,-1.760518178E-2,-2.460779995E-2,1.949976694E-1
6.858459750E0,-2.697318196E-1,3.173933364E-3,-2.083076909E-2,2.705535979E-1
6.868497750E0,-3.180524707E-1,1.649666205E-2,-1.596810296E-2,3.188800625E-1
6.878535750E0,-3.333749473E-1,2.907606028E-2,-1.084783673E-2,3.348162904E-1
6.888573750E0,-3.166050315E-1,3.627751395E-2,-2.657817677E-3,3.186877280E-1
6.898610750E0,-2.660864592E-1,4.085117951E-2,5.274787080E-3,2.692557260E-1
6.908648750E0,-1.899253875E-1,4.160192609E-2,1.528294757E-2,1.950280533E-1
6.918686750E0,-9.212057292E-2,3.559401631E-2,2.361720428E-2,1.015426329E-1
6.928724750E0,9.849206544E-3,2.399514988E-2,3.001145646E-2,3.966688299E-2
6.938762750E0,1.143983752E-1,1.493060589E-2,3.761758655E-2,1.213465865E-1
6.948800750E0,1.997460276E-1,3.886477789E-3,3.926129267E-2,2.036050818E-1
6.958837750E0,2.683274150E-1,-5.105926190E-3,3.980692849E-2,2.713121149E-1
6.968875750E0,3.056060672E-1,-1.432126202E-2,3.632111847E-2,3.080899065E-1
6.978913750E0,3.142305017E-1,-2.187385410E-2,3.004697338E-2,3.164207551E-1
6.988951750E0,2.872401476E-1,-2.190634608E-2,2.155761421E-2,2.888797693E-1
6.998989750E0,2.338776588E-1,-2.388396859E-2,1.333208475E-2,2.354717557E-1
7.009027750E0,1.572265476E-1,-2.004422247E-2,1.999801258E-3,1.585116946E-1
7.019064750E0,6.373535842E-2,-1.818752475E-2,-8.225284517E-3,6.678800247E-2
7.029102750E0,-4.169625789E-2,-1.527802087E-2,-1.703715138E-2,4.756322499E-2
7.039140750E0,-1.404141635E-1,-5.153272301E-3,-2.488350123E-2,1.426950670E-1
7.049178750E0,-2.284121960E-1,-2.094365191E-3,-2.953204885E-2,2.303229463E-1
7.059216750E0,-2.961710691E-1,3.323140554E-4,-3.264158219E-2,2.979645709E-1
7.069254750E0,-3.386181295E-1,3.032492939E-3,-3.124954551E-2,3.400705335E-1
7.079292750E0,-3.523714542E-1,1.322410069E-3,-2.671405487E-2,3.533851033E-1
7.089329750E0,-3.309519291E-1,4.036398605E-5,-2.106868476E-2,3.316218788E-1
7.099367750E0,-2.855435908E-1,-3.433918580E-3,-1.402209792E-2,2.859082952E-1
7.109405750E0,-2.122789770E-1,-1.105908211E-2,-3.995562904E-3,2.126044024E-1
7.119443750E0,-1.208335981E-1,-1.885043457E-2,4.629091825E-3,1.223827022E-1
7.129481750E0,-1.652797125E-2,-2.606893517E-2,1.497547328E-2,3.430784188E-2
7.139519750E0,8.988786489E-2,-2.720072679E-2,2.258482575E-2,9.659079742E-2
7.149556750E0,1.862809807E-1,-3.001275845E-2,2.771647088E-2,1.907080811E-1
7.159594750E0,2.672724426E-1,-2.992559969E-2,3.417981043E-2,2.711058087E-1
7.169632750E0,3.220534027E-1,-2.414627187E-2,3.446636721E-2,3.247912669E-1
7.179670750E0,3.461180329E-1,-1.092954446E-2,3.122745454E-2,3.476957026E-1
7.189708750E0,3.386878073E-1,1.109009609E-3,2.569846436E-2,3.396631740E-1
7.199746750E0,3.018088341E-1,1.518748421E-2,1.735701598E-2,3.026887808E-1
7.209783750E0,2.346812040E-1,2.964765020E-2,4.594348837E-3,2.365911213E-1
7.219821750E0,1.506475210E-1,4.591568187E-2,-6.811105646E-3,1.576366600E-1
7.229859750E0,5.508957058E-2,5.795423314E-2,-1.989361644E-2,8.239726877E-2
7.239897750E0,-4.547751695E-2,6.599516422E-2,-3.211391345E-2,8.634158723E-2
7.249935750E0,-1.354505569E-1,7.038458437E-2,-4.110101610E-2,1.580826891E-1
7.259973750E0,-2.095371336E-1,6.920838356E-2,-4.831547663E-2,2.258981983E-1
7.270010750E0,-2.616905868E-1,6.687838584E-2,-5.058449134E-2,2.747971479E-1
7.280048750E0,-2.838927209E-1,5.505371839E-2,-5.255929008E-2,2.939191520E-1
7.290086750E0,-2.764111161E-1,3.420755640E-2,-4.633175582E-2,2.823471155E-1
7.300124750E0,-2.407566607E-1,1.613305882E-2,-4.104373604E-2,2.447624022E-1
7.310162750E0,-1.785769165E-1,-8.160564117E-3,-2.946164459E-2,1.811747731E-1
7.320200750E0,-9.971563518E-2,-3.231443837E-2,-1.401092112E-2,1.057531878E-1
7.330237750E0,-9.398259223E-3,-5.305593461E-2,1.168297604E-3,5.389456738E-2
7.340275750E0,7.846634835E-2,-7.225172967E-2,1.535655372E-2,1.077641128E-1
7.350313750E0,1.592488140E-1,-8.336137235E-2,3.051100671E-2,1.823190190E-1
7.360351750E0,2.248869091E-1,-8.987557143E-2,4.089808464E-2,2.456102473E-1
7.370389750E0,2.664409876E-1,-9.043031186E-2,4.864415526E-2,2.855428077E-1
7.380427750E0,2.800337672E-1,-7.667152584E-2,5.461344495E-2,2.954319922E-1
7.390464750E0,2.610888481E-1,-6.268434227E-2,5.275642499E-2,2.736420175E-1
7.400502750E0,2.195072174E-1,-3.819601610E-2,5.198805779E-2,2.287905424E-1
7.410540750E0,1.548390090E-1,-1.189250965E-2,4.598076642E-2,1.619591967E-1
7.420578750E0,6.980802119E-2,1.180047728E-2,3.478981927E-2,7.888436227E-2
7.430616750E0,-2.011360973E-2,3.801849857E-2,2.392172441E-2,4.921597737E-2
7.440654750E0,-1.122819930E-1,6.027949601E-2,1.298005506E-2,1.280989673E-1
7.450691750E0,-1.930625886E-1,7.703904063E-2,-5.991368089E-4,2.078666300E-1
7.460729750E0,-2.547672987E-1,8.600781113E-2,-1.489854511E-2,2.693059352E-1
7.470767750E0,-2.976564467E-1,8.634310216E-2,-2.561483718E-2,3.109832977E-1
7.480805750E0,-3.120116293E-1,8.272435516E-2,-3.161590919E-2,3.243364634E-1
7.490843750E0,-2.993040681E-1,7.199634612E-2,-3.651319444E-2,3.099993748E-1
7.500881750E0,-2.587064803E-1,5.451399088E-2,-3.580075875E-2,2.668005106E-1
7.510918500E0,-1.967520565E-1,2.798464708E-2,-3.635363281E-2,2.020299454E-1
7.520956500E0,-1.226870865E-1,-8.749705739E-4,-3.193622082E-2,1.267785824E-1
7.530994500E0,-3.284374624E-2,-2.463702485E-2,-2.501333505E-2,4.807662209E-2
7.541032500E0,5.865116045E-2,-5.173845217E-2,-1.527355891E-2,7.968756275E-2
7.551070500E0,1.454800665E-1,-7.271376997E-2,-5.998567678E-3,1.627504990E-1
7.561108500E0,2.173591107E-1,-8.856782317E-2,1.103518764E-3,2.347135703E-1
7.571145500E0,2.676369250E-1,-9.656183422E-2,1.208000351E-2,2.847799816E-1
7.581183500E0,2.923553288E-1,-9.431678802E-2,2.046123892E-2,3.078732809E-1
7.591221500E0,2.905907035E-1,-8.393498510E-2,2.464346588E-2,3.034721389E-1
7.601259500E0,2.604127526E-1,-6.876548380E-2,2.709515579E-2,2.706984318E-1
7.611297500E0,2.089524716E-1,-4.395520315E-2,2.606637590E-2,2.151107883E-1
7.621335500E0,1.390988380E-1,-1.658708043E-2,2.418829128E-2,1.421572770E-1
7.631373500E0,5.955022201E-2,1.154016145E-2,1.778205670E-2,6.321080452E-2
7.641410500E0,-2.689672075E-2,4.097186029E-2,9.189278819E-3,4.986551682E-2
7.651448500E0,-1.049920544E-1,6.306624413E-2,1.180887455E-3,1.224829667E-1
7.661486500E0,-1.717912704E-1,8.299789578E-2,-1.010721922E-2,1.910577064E-1
7.671524500E0,-2.162697911E-1,9.667482227E-2,-1.680107415E-2,2.374887785E-1
7.681562500E0,-2.391388565E-1,1.011933461E-1,-2.488656901E-2,2.608578680E-1
7.691599500E0,-2.352583706E-1,9.914696962E-2,-2.844881266E-2,2.568773199E-1
7.701637500E0,-2.076800913E-1,8.659580350E-2,-3.207986429E-2,2.272860998E-1
7.711675500E0,-1.572725773E-1,6.846819818E-2,-3.196854144E-2,1.744836536E-1
7.721713500E0,-8.618358523E-2,4.449696466E-2,-3.110329807E-2,1.018577703E-1
7.731751500E0,-1.028082892E-2,1.707625762E-2,-2.789685130E-2,3.428597862E-2
7.741789500E0,7.130281627E-2,-1.006921753E-2,-2.262217924E-2,7.548008839E-2
7.751827500E0,1.443184316E-1,-3.632771969E-2,-1.491845399E-2,1.495662836E-1
7.761864500E0,2.010205388E-1,-6.064423919E-2,-6.559082307E-3,2.100714220E-1
7.771902500E0,2.390009463E-1,-7.598484308E-2,1.435460988E-3,2.507931603E-1
7.781940500E0,2.508468926E-1,-8.827253431E-2,9.532278404E-3,2.660959755E-1
7.791978500E0,2.368077785E-1,-9.017669410E-2,1.573557779E-2,2.538845575E-1
7.802016500E0,2.008004189E-1,-8.643268049E-2,2.204539068E-2,2.197212227E-1
7.812054500E0,1.397772729E-1,-7.555712759E-2,2.492373623E-2,1.608345678E-1
7.822091500E0,6.949938834E-2,-5.573655665E-2,2.751232870E-2,9.323978205E-2
7.832129500E0,-1.492042467E-2,-3.573115543E-2,2.677463181E-2,4.707669752E-2
7.842167500E0,-9.818556905E-2,-9.530369192E-3,2.647620440E-2,1.021382558E-1
7.852205500E0,-1.766303182E-1,1.299890876E-2,2.245403081E-2,1.785256968E-1
7.862243500E0,-2.354487926E-1,3.628491610E-2,2.143512294E-2,2.391907054E-1
7.872281500E0,-2.745820880E-1,5.208678171E-2,1.854772307E-2,2.800935092E-1
7.882318500E0,-2.889595032E-1,6.341540813E-2,1.441594213E-2,2.961873189E-1
7.892356500E0,-2.776421309E-1,6.918515265E-2,8.776698261E-3,2.862669534E-1
7.902394500E0,-2.419705093E-1,7.084039599E-2,7.383962628E-3,2.522352314E-1
7.912432500E0,-1.858454645E-1,6.088896096E-2,3.943158314E-3,1.956055999E-1
7.922470500E0,-1.132394150E-1,5.010018870E-2,3.765065921E-3,1.238845016E-1
7.932508500E0,-3.629323468E-2,3.423866630E-2,4.643439315E-4,4.989690139E-2
7.942545500E0,4.362888634E-2,1.559603959E-2,-3.026059363E-3,4.643138173E-2
7.952583500E0,1.233106628E-1,-1.912646927E-3,-5.882832222E-3,1.234657260E-1
7.962621500E0,1.884164363E-1,-2.157449909E-2,-7.491115481E-3,1.897954933E-1
7.972659500E0,2.358025908E-1,-3.803735971E-2,-8.572624996E-3,2.390045867E-1
7.982697500E0,2.566989660E-1,-4.736174643E-2,-1.006347872E-2,2.612255114E-1
7.992735500E0,2.540182173E-1,-5.473231152E-2,-1.349576097E-2,2.601980327E-1
8.002772500E0,2.336413860E-1,-5.305636674E-2,-1.487983856E-2,2.400514214E-1
8.012810500E0,1.866041124E-1,-5.133463442E-2,-1.576640457E-2,1.941775450E-1
8.022848500E0,1.236803904E-1,-4.212698713E-2,-1.483329758E-2,1.314973336E-1
8.032886500E0,4.978086799E-2,-2.755390480E-2,-1.762748510E-2,5.956576801E-2
8.042924500E0,-2.503381856E-2,-1.276973076E-2,-1.712608524E-2,3.290989047E-2
8.052962500E0,-9.296253324E-2,2.119470388E-3,-1.693087444E-2,9.451549740E-2
8.062999500E0,-1.519113183E-1,1.476593129E-2,-1.196282916E-2,1.530953645E-1
8.073037500E0,-1.922022849E-1,2.755709365E-2,-1.439509355E-2,1.947006175E-1
8.083075500E0,-2.074955404E-1,3.777478635E-2,-7.840419188E-3,2.110516665E-1
8.093113500E0,-2.054539621E-1,4.422496259E-2,-5.599368364E-3,2.102344662E-1
8.103151500E0,-1.782251745E-1,4.542008787E-2,2.850969322E-4,1.839219359E-1
8.113189500E0,-1.327327937E-1,4.091029242E-2,5.419937894E-3,1.390000801E-1
8.123226500E0,-7.129606605E-2,3.499194980E-2,8.684706874E-3,7.989361500E-2
8.133264500E0,-5.206524394E-3,2.979905158E-2,1.258384064E-2,3.276346161E-2
8.143302500E0,6.699375063E-2,1.535281539E-2,1.379966177E-2,7.010208434E-2
8.153340500E0,1.338601410E-1,3.083099844E-3,1.637174189E-2,1.348928345E-1
8.163378500E0,1.848281175E-1,-4.951647017E-3,1.577199064E-2,1.855659115E-1
8.173416500E0,2.177256048E-1,-1.667887717E-2,1.433574874E-2,2.188335843E-1
8.183453500E0,2.276576608E-1,-2.353596687E-2,1.054523978E-2,2.291138458E-1
8.193491500E0,2.158561349E-1,-2.692057751E-2,9.168385528E-3,2.177214913E-1
8.203529500E0,1.834145635E-1,-3.003086150E-2,1.936513931E-3,1.858669009E-1
8.213567500E0,1.336917430E-1,-2.515567839E-2,-2.727746265E-3,1.360651715E-1
8.223605500E0,6.502736360E-2,-2.304556221E-2,-9.970913641E-3,6.970706616E-2
8.233643500E0,-7.421803195E-3,-1.470427494E-2,-1.155389659E-2,2.011942819E-2
8.243680500E0,-8.368191123E-2,-9.001007304E-3,-1.295866538E-2,8.515637033E-2
8.253718500E0,-1.532335579E-1,3.163279034E-4,-1.661971398E-2,1.541325346E-1
8.263756500E0,-2.073160261E-1,4.694282077E-3,-1.633924991E-2,2.080118796E-1
8.273794500E0,-2.437541932E-1,8.116976358E-3,-1.366277412E-2,2.442717000E-1
8.283832500E0,-2.577894330E-1,1.119626500E-2,-9.723974392E-3,2.582156149E-1
8.293870500E0,-2.500031292E-1,1.145272702E-2,-4.197116010E-3,2.503005101E-1
8.303907500E0,-2.188328952E-1,7.473914418E-3,2.370336093E-3,2.189733178E-1
8.313945500E0,-1.698618978E-1,3.838965902E-3,9.408804588E-3,1.701655888E-1
8.323983500E0,-1.079027280E-1,-1.485175453E-3,1.866985112E-2,1.095160618E-1
8.334021500E0,-3.718834370E-2,-7.350521162E-3,2.586837485E-2,4.589309192E-2
8.344059500E0,3.575500101E-2,-1.259172335E-2,3.192832693E-2,4.956197792E-2
8.354097500E0,1.025689170E-1,-1.768688299E-2,3.445007280E-2,1.096358339E-1
8.364134500E0,1.576901376E-1,-1.884708181E-2,3.448973596E-2,1.625144113E-1
8.374172500E0,1.977760345E-1,-1.894721575E-2,3.378319740E-2,2.015332757E-1
8.384210500E0,2.179483920E-1,-1.907575503E-2,2.772086114E-2,2.205307964E-1
8.394248500E0,2.185902148E-1,-1.284821890E-2,2.132261731E-2,2.200032108E-1
8.404286500E0,1.967331618E-1,-7.470390759E-3,1.153741218E-2,1.972127166E-1
8.414324500E0,1.579953432E-1,1.344406512E-3,-2.542661969E-4,1.580012676E-1
8.424361500E0,1.033315882E-1,9.689862840E-3,-8.506417274E-3,1.041329424E-1
8.434399500E0,3.840904683E-2,1.756749302E-2,-1.904960535E-2,4.633313235E-2
8.444437500E0,-2.520901524E-2,2.835943736E-2,-3.075982444E-2,4.884586918E-2
8.454475500E0,-8.535943925E-2,3.447166085E-2,-3.768483922E-2,9.947198791E-2
8.464513500E0,-1.349894255E-1,3.864051402E-2,-4.371784255E-2,1.470594577E-1
8.474551500E0,-1.694363505E-1,4.132551327E-2,-4.466033727E-2,1.800306103E-1
8.484588500E0,-1.869628578E-1,3.893022239E-2,-4.545841366E-2,1.963087869E-1
8.494626500E0,-1.811353415E-1,3.238923103E-2,-4.045700282E-2,1.884034058E-1
8.504664500E0,-1.550574601E-1,2.371926978E-2,-3.236009926E-2,1.601642772E-1
8.514702375E0,-1.129286438E-1,1.087457873E-2,-2.422760613E-2,1.160091029E-1
8.524740375E0,-5.622636527E-2,-7.335282862E-5,-1.729924791E-2,5.882748941E-2
8.534778375E0,3.799689468E-3,-1.028817333E-2,-3.375975881E-3,1.147525005E-2
8.544815375E0,7.035821676E-2,-2.423437312E-2,8.755313233E-3,7.492822577E-2
8.554853375E0,1.291954368E-1,-3.298578784E-2,1.855760999E-2,1.346250645E-1
8.564891375E0,1.733034551E-1,-3.803287446E-2,2.748666517E-2,1.795441557E-1
8.574929375E0,2.056190521E-1,-4.178100824E-2,3.315413743E-2,2.124242078E-1
8.584967375E0,2.151301950E-1,-4.196817428E-2,3.568720073E-2,2.220718459E-1
8.595005375E0,2.069055587E-1,-3.895294294E-2,3.531302512E-2,2.134812679E-1
8.605042375E0,1.758461297E-1,-3.150707111E-2,3.246598318E-2,1.815725665E-1
8.615080375E0,1.263797730E-1,-2.286298573E-2,2.672261186E-2,1.311817866E-1
8.625118375E0,6.467940658E-2,-7.355466485E-3,2.011490427E-2,6.813323636E-2
8.635156375E0,-2.394699026E-3,3.456701059E-3,1.016560104E-2,1.100103677E-2
8.645194375E0,-7.078000158E-2,1.620146632E-2,-1.873727888E-5,7.261058109E-2
8.655232375E0,-1.355307698E-1,2.518217824E-2,-8.149101399E-3,1.380910552E-1
8.665269375E0,-1.875171661E-1,3.100184351E-2,-1.843900792E-2,1.909549657E-1
8.675307375E0,-2.215342522E-1,3.654175252E-2,-2.062093653E-2,2.254727203E-1
8.685345375E0,-2.398231179E-1,3.556789085E-2,-2.770053782E-2,2.440236106E-1
8.695383375E0,-2.311199158E-1,3.005248308E-2,-2.780519985E-2,2.347183341E-1
8.705421375E0,-2.052292824E-1,1.970775239E-2,-2.702206187E-2,2.079366386E-1
8.715459375E0,-1.607752740E-1,9.263366461E-3,-2.358871326E-2,1.627603333E-1
8.725496375E0,-1.021329910E-1,-2.255870495E-3,-1.483090874E-2,1.032288363E-1
8.735534375E0,-3.483783826E-2,-1.492665894E-2,-7.232910022E-3,3.858490779E-2
8.745572375E0,3.281247616E-2,-2.841223218E-2,1.316353446E-3,4.342402924E-2
8.755610375E0,9.684019536E-2,-3.925875202E-2,1.012582425E-2,1.049847863E-1
8.765648375E0,1.471077651E-1,-4.549697787E-2,1.956066862E-2,1.552201317E-1
8.775686375E0,1.826268733E-1,-4.702802747E-2,2.780235372E-2,1.906231389E-1
8.785723375E0,2.011679560E-1,-4.615592211E-2,3.142789379E-2,2.087741080E-1
8.795761375E0,1.974472553E-1,-4.229540378E-2,3.428093717E-2,2.048157768E-1
8.805799375E0,1.763288081E-1,-3.246790916E-2,3.309602663E-2,1.823221343E-1
8.815837375E0,1.380770206E-1,-2.000351623E-2,2.891140059E-2,1.424825371E-1
8.825875375E0,8.719862998E-2,-4.507998005E-3,2.422199957E-2,9.061251778E-2
8.835913375E0,2.708655596E-2,1.171997376E-2,1.553609967E-2,3.335280635E-2
8.845950375E0,-3.485301882E-2,2.441089414E-2,6.935905665E-3,4.311300803E-2
8.855988375E0,-9.088992327E-2,4.029158875E-2,-8.208173094E-4,9.942365925E-2
8.866026375E0,-1.364381164E-1,5.010539293E-2,-8.608554490E-3,1.456022569E-1
8.876064375E0,-1.672881693E-1,5.737742037E-2,-2.069824003E-2,1.780615542E-1
8.886102375E0,-1.760035753E-1,5.739482120E-2,-2.909561433E-2,1.873979157E-1
8.896140375E0,-1.701744497E-1,5.476947501E-2,-3.429223970E-2,1.820302074E-1
8.906177375E0,-1.445482969E-1,4.826537520E-2,-3.546884283E-2,1.564665952E-1
8.916215375E0,-9.923141450E-2,3.801620007E-2,-3.646939248E-2,1.123482162E-1
8.926253375E0,-4.738384485E-2,2.155965567E-2,-3.523326293E-2,6.286040345E-2
8.936291375E0,1.618021727E-2,6.444352679E-3,-3.046700545E-2,3.509369649E-2
8.946329375E0,7.486622781E-2,-6.968883798E-3,-2.487472259E-2,7.919765925E-2
8.956367375E0,1.325383037E-1,-2.309032902E-2,-1.843413338E-2,1.357916880E-1
8.966404375E0,1.769956499E-1,-3.332668915E-2,-1.043619309E-2,1.804079888E-1
8.976442375E0,2.031468302E-1,-4.169567302E-2,-1.110068988E-3,2.073846572E-1
8.986480375E0,2.121829689E-1,-4.643548280E-2,6.821728311E-3,2.173117629E-1
8.996518375E0,2.012307197E-1,-4.399309680E-2,1.153898612E-2,2.063064306E-1
9.006556375E0,1.702961922E-1,-3.936165571E-2,1.762893982E-2,1.756727427E-1
9.016594375E0,1.225012392E-1,-3.109014221E-2,2.059916407E-2,1.280526302E-1
9.026631375E0,6.006158888E-2,-2.112601511E-2,2.262974344E-2,6.757076485E-2
9.036669375E0,-5.853244103E-3,-6.569176912E-3,2.225290798E-2,2.392919692E-2
9.046707375E0,-7.232470065E-2,5.468158517E-3,2.069444768E-2,7.542561400E-2
9.056745375E0,-1.336809993E-1,1.607925817E-2,1.679185219E-2,1.356875765E-1
9.066783375E0,-1.818590760E-1,2.562596835E-2,1.321242750E-2,1.841303398E-1
9.076821375E0,-2.154159695E-1,3.079463169E-2,9.044314735E-3,2.177938220E-1
9.086858375E0,-2.307118326E-1,3.361751512E-2,6.208975799E-3,2.332308694E-1
9.096896375E0,-2.190722078E-1,3.122919239E-2,1.587059349E-3,2.212925969E-1
9.106934375E0,-1.922010928E-1,2.375706285E-2,1.720658038E-4,1.936638524E-1
9.116972375E0,-1.497242153E-1,1.461576391E-2,-3.707893426E-3,1.504815924E-1
9.127010375E0,-9.222101420E-2,4.680514801E-3,-5.565877073E-3,9.250730602E-2
9.137048375E0,-3.001036867E-2,-7.780948654E-3,-5.605291575E-3,3.150531199E-2
9.147085375E0,3.669216856E-2,-2.071409859E-2,-4.248587880E-3,4.234902140E-2
9.157123375E0,9.262414277E-2,-3.255903721E-2,-3.276534146E-3,9.823471079E-2
9.167161375E0,1.423717290E-1,-3.899430111E-2,-1.232025446E-3,1.476204004E-1
9.177199375E0,1.738737375E-1,-4.227265343E-2,6.345841102E-4,1.789398125E-1
9.187237375E0,1.883479804E-1,-4.246670753E-2,9.992513806E-4,1.930786924E-1
9.197275375E0,1.844802797E-1,-4.083871841E-2,1.345462399E-3,1.889512762E-1
9.207312375E0,1.602948904E-1,-3.521808237E-2,1.737415325E-3,1.641273403E-1
9.217350375E0,1.205714568E-1,-2.350922860E-2,1.738480292E-3,1.228543135E-1
9.227388375E0,6.920258701E-2,-9.901165962E-3,6.924390327E-4,6.991073314E-2
9.237426375E0,1.266447268E-2,3.773633856E-3,3.635387402E-4,1.321973303E-2
9.247464375E0,-4.525483400E-2,1.851108484E-2,2.454642672E-4,4.889499478E-2
9.257502375E0,-9.772869200E-2,3.025855497E-2,-2.058170037E-3,1.023265042E-1
9.267539375E0,-1.396353096E-1,4.137080908E-2,-1.838363009E-3,1.456466378E-1
9.277577375E0,-1.631899178E-1,4.788729548E-2,-3.383528907E-3,1.701046461E-1
9.287615375E0,-1.730856597E-1,5.037382245E-2,-2.684054198E-3,1.802869151E-1
9.297653375E0,-1.612969190E-1,4.803610221E-2,-2.648900496E-3,1.683186854E-1
9.307691375E0,-1.355069280E-1,4.180479795E-2,-2.061051317E-3,1.418238929E-1
9.317729375E0,-9.157595038E-2,3.231382370E-2,-3.768936731E-3,9.718303749E-2
9.327766375E0,-3.616798669E-2,2.205438726E-2,-1.316681621E-3,4.238222397E-2
9.337804375E0,2.416672744E-2,7.096210495E-3,-1.919355011E-3,2.526006418E-2
9.347842375E0,8.409669250E-2,-3.506858367E-3,-9.910668014E-4,8.417561380E-2
9.357880375E0,1.375202537E-1,-1.764504798E-2,-2.703213133E-3,1.386739891E-1
9.367918375E0,1.797732264E-1,-2.948440425E-2,-3.105857642E-3,1.822015076E-1
9.377955375E0,2.051640749E-1,-3.316995129E-2,-2.664838219E-3,2.078452421E-1
9.387993375E0,2.108103782E-1,-3.741426766E-2,-3.972386010E-3,2.141415953E-1
9.398031375E0,1.964905560E-1,-3.315719962E-2,-5.006491207E-3,1.993313910E-1
9.408069375E0,1.668617129E-1,-2.813797630E-2,-6.645336747E-3,1.693479774E-1
9.418107375E0,1.166464686E-1,-2.073651925E-2,-8.273060434E-3,1.187638220E-1
9.428145375E0,5.675070733E-2,-1.133980602E-2,-1.256530918E-2,5.922095050E-2
9.438182375E0,-7.663434837E-3,4.798364826E-4,-1.105050277E-2,1.345630291E-2
9.448220375E0,-7.170914114E-2,1.219802164E-2,-1.071282197E-2,7.352385469E-2
9.458258375E0,-1.298044026E-1,2.347490937E-2,-1.046860963E-2,1.323247750E-1
9.468296375E0,-1.775644273E-1,3.025837988E-2,-8.649147116E-3,1.803316476E-1
9.478334375E0,-2.075556219E-1,3.416497260E-2,-6.428869441E-3,2.104469336E-1
9.488372375E0,-2.167197615E-1,3.413143381E-2,-3.041627351E-3,2.194120810E-1
9.498409375E0,-2.072173357E-1,2.937502600E-2,3.068462946E-3,2.093115664E-1
9.508447500E0,-1.800341308E-1,2.351325005E-2,8.340238594E-3,1.817545619E-1
9.518485500E0,-1.364184767E-1,9.709820151E-3,1.489001699E-2,1.375717776E-1
9.528523500E0,-8.254759014E-2,-4.738135263E-3,1.801239699E-2,8.462269795E-2
9.538561500E0,-2.231673896E-2,-1.784754544E-2,2.196665853E-2,3.604311035E-2
9.548599500E0,3.778092936E-2,-3.143303841E-2,2.538011223E-2,5.531351213E-2
9.558636500E0,9.253206104E-2,-4.369316623E-2,2.463416010E-2,1.052526339E-1
9.568674500E0,1.347552240E-1,-5.075298995E-2,2.560071833E-2,1.462540022E-1
9.578712500E0,1.610992253E-1,-5.476983637E-2,2.130956762E-2,1.714840897E-1
9.588750500E0,1.730158478E-1,-5.205170810E-2,1.958335377E-2,1.817343436E-1
9.598788500E0,1.654506028E-1,-4.907881841E-2,1.375183091E-2,1.731234970E-1
9.608826500E0,1.373698413E-1,-4.098686203E-2,6.730793975E-3,1.435120196E-1
9.618863500E0,9.890474379E-2,-2.663136087E-2,1.684902934E-3,1.024412838E-1
9.628901500E0,4.882677644E-2,-1.164116710E-2,-8.636299521E-3,5.093286305E-2
9.638939500E0,-2.492334927E-3,4.834479187E-3,-1.370189805E-2,1.474197858E-2
9.648977500E0,-5.829534680E-2,1.747702993E-2,-2.045698091E-2,6.420500060E-2
9.659015500E0,-1.056439579E-1,3.352923319E-2,-2.261867002E-2,1.131214371E-1
9.669053500E0,-1.414515823E-1,4.668539017E-2,-2.651089430E-2,1.512974002E-1
9.679090500E0,-1.627462208E-1,5.450895801E-2,-2.656895109E-2,1.736763313E-1
9.689128500E0,-1.650627553E-1,5.761623383E-2,-2.516820282E-2,1.766317696E-1
9.699166500E0,-1.514007300E-1,5.558077991E-2,-2.252368443E-2,1.628456954E-1
9.709204500E0,-1.214314401E-1,5.040062591E-2,-1.812857948E-2,1.327194904E-1
9.719242500E0,-7.390893251E-2,4.039086774E-2,-1.214312576E-2,8.509646294E-2
9.729280500E0,-2.182244137E-2,2.719365433E-2,-5.121613853E-3,3.524123595E-2
9.739317500E0,3.687842190E-2,1.453431882E-2,5.543816369E-4,3.964305443E-2
9.749355500E0,9.389925003E-2,-2.337397076E-3,6.059790030E-3,9.412360829E-2
9.759393500E0,1.429269761E-1,-1.712593064E-2,1.292115822E-2,1.445281091E-1
9.769431500E0,1.798664629E-1,-2.794862725E-2,1.738383248E-2,1.828531320E-1
9.779469500E0,2.026423365E-1,-3.692347556E-2,2.023927495E-2,2.069707415E-1
9.789507500E0,2.030254602E-1,-4.013908282E-2,1.991882361E-2,2.079116231E-1
9.799544500E0,1.869892329E-1,-4.100780562E-2,1.765593514E-2,1.922455341E-1
9.809582500E0,1.572946906E-1,-3.606377542E-2,1.432406344E-2,1.620104762E-1
9.819620500E0,1.078528389E-1,-2.943836339E-2,8.673900738E-3,1.121342439E-1
9.829658500E0,4.884779453E-2,-1.853946224E-2,2.948265057E-3,5.233078403E-2
9.839696500E0,-1.400546916E-2,-8.201070130E-3,-2.616409911E-3,1.643947440E-2
9.849734500E0,-7.198783010E-2,6.404570770E-3,-8.231281303E-3,7.273939924E-2
9.859771500E0,-1.287544370E-1,1.741967164E-2,-1.570118219E-2,1.308727516E-1
9.869809500E0,-1.688045561E-1,2.870123461E-2,-1.941420138E-2,1.723242590E-1
9.879847500E0,-1.942728907E-1,3.412263468E-2,-2.120118216E-2,1.983829639E-1
9.889885500E0,-2.028035820E-1,3.900385648E-2,-2.121433988E-2,2.076069409E-1
9.899923500E0,-1.886869669E-1,3.630128130E-2,-2.009714395E-2,1.931953667E-1
9.909961500E0,-1.604181826E-1,3.092463501E-2,-1.611092873E-2,1.641642117E-1
9.919998500E0,-1.175689772E-1,2.050874755E-2,-1.097688824E-2,1.198480922E-1
9.930036500E0,-6.551204622E-2,1.038397476E-2,-4.109191708E-3,6.645705823E-2
9.940074500E0,-7.870055735E-3,-3.345952369E-3,2.853908809E-3,9.015429553E-3
9.950112500E0,4.704678059E-2,-1.678102836E-2,1.074556448E-2,5.109275518E-2
9.960150500E0,9.616106004E-2,-2.988218144E-2,1.889137551E-2,1.024537862E-1
9.970187500E0,1.328127682E-1,-3.973385319E-2,2.231242321E-2,1.404131572E-1
9.980225500E0,1.559196860E-1,-4.690707847E-2,2.612500638E-2,1.649052408E-1
9.990263500E0,1.588152945E-1,-4.889543355E-2,2.809450217E-2,1.685300040E-1
1.000030150E1,1.469274759E-1,-4.599498957E-2,2.894751355E-2,1.566562504E-1
1.001033950E1,1.177285984E-1,-4.271936789E-2,2.674946748E-2,1.280644419E-1
1.002037750E1,7.406154275E-2,-3.547130898E-2,2.242076583E-2,8.512353738E-2
1.003041450E1,2.523645386E-2,-2.110186592E-2,1.783355139E-2,3.741928519E-2
1.004045250E1,-2.811704762E-2,-1.174804475E-2,1.103769708E-2,3.241011693E-2
1.005049050E1,-7.913850248E-2,1.498836325E-3,3.953059670E-3,7.925134551E-2
1.006052850E1,-1.229283288E-1,1.280262321E-2,-3.996742424E-3,1.236578147E-1
1.007056650E1,-1.532079875E-1,2.456685528E-2,-9.408786893E-3,1.554501306E-1
1.008060450E1,-1.670116931E-1,3.088760190E-2,-1.723794639E-2,1.707164210E-1
1.009064150E1,-1.669894010E-1,3.678444400E-2,-1.975771785E-2,1.721305399E-1
1.010067950E1,-1.477731019E-1,3.977863863E-2,-2.423316054E-2,1.549402330E-1
1.011071750E1,-1.127125025E-1,3.659688309E-2,-2.475631610E-2,1.210632696E-1
1.012075550E1,-6.553034484E-2,3.313051537E-2,-2.332859486E-2,7.704596344E-2
1.013079350E1,-1.039454713E-2,2.609534375E-2,-2.097775042E-2,3.505823139E-2
1.014083150E1,5.067866296E-2,1.799453981E-2,-1.868130639E-2,5.693084885E-2
1.015086850E1,1.047510356E-1,7.270448841E-3,-1.482196711E-2,1.060439984E-1
1.016090650E1,1.510785818E-1,-9.083850309E-4,-8.969670162E-3,1.513473423E-1
1.017094450E1,1.872170269E-1,-9.302412160E-3,-3.951734863E-3,1.874896431E-1
1.018098250E1,2.054487616E-1,-1.311206445E-2,1.453683013E-3,2.058718851E-1
1.019102050E1,2.060350180E-1,-1.765875518E-2,3.909666557E-3,2.068273332E-1
1.020105850E1,1.855768859E-1,-2.023722604E-2,7.131558843E-3,1.868132357E-1
1.021109550E1,1.511641592E-1,-1.485148259E-2,9.896920994E-3,1.522140552E-1
1.022113350E1,1.032126248E-1,-1.161094755E-2,1.041756850E-2,1.043847966E-1
1.023117150E1,4.340114072E-2,-5.411325954E-3,1.047339849E-2,4.497369832E-2
1.024120950E1,-1.448053308E-2,4.000019282E-3,5.645353813E-3,1.604855172E-2
1.025124750E1,-7.468950003E-2,1.047906559E-2,5.188137293E-3,7.559926587E-2
1.026128550E1,-1.251324415E-1,1.797426492E-2,4.065615125E-3,1.264821384E-1
1.027132250E1,-1.633708477E-1,2.161937580E-2,1.003689133E-3,1.647981756E-1
1.028136050E1,-1.865890920E-1,2.315735072E-2,-2.826735610E-3,1.880418639E-1
1.029139850E1,-1.910265535E-1,2.445524931E-2,-2.847258002E-3,1.926066205E-1
1.030143650E1,-1.787195504E-1,1.855927706E-2,-4.456606228E-3,1.797358779E-1
1.031147450E1,-1.457938254E-1,1.402096171E-2,-4.864544608E-3,1.465472302E-1
1.032151250E1,-1.046940461E-1,4.464740865E-3,-5.385725293E-3,1.049275142E-1
1.033154950E1,-5.287590623E-2,-5.519778002E-3,-2.583711408E-3,5.322598025E-2
1.034158750E1,-1.288061030E-4,-1.604565419E-2,-1.389017329E-3,1.610617827E-2
1.035162550E1,5.258613825E-2,-2.728127129E-2,-9.338570526E-4,5.924898133E-2
1.036166350E1,9.885696322E-2,-3.359882534E-2,1.677372260E-3,1.044241055E-1
1.037170150E1,1.316894442E-1,-3.851352632E-2,4.155129194E-3,1.372685926E-1
1.038173850E1,1.500665843E-1,-4.225633293E-2,4.100801423E-3,1.559563849E-1
1.039177650E1,1.503270119E-1,-3.788626194E-2,5.997584201E-3,1.551436443E-1
1.040181450E1,1.348162293E-1,-3.322173655E-2,8.442632854E-3,1.391056344E-1
1.041185250E1,1.050535738E-1,-2.514661103E-2,7.661504671E-3,1.082926779E-1
1.042189050E1,6.215643510E-2,-1.475416031E-2,6.757893600E-3,6.423999375E-2
1.043192850E1,1.309648156E-2,-3.647180274E-3,7.240192033E-3,1.540260153E-2
1.044196550E1,-3.909668326E-2,6.972707808E-3,5.876121111E-3,4.014595989E-2
1.045200350E1,-8.746457100E-2,1.850642264E-2,2.827123040E-3,8.944569013E-2
1.046204150E1,-1.301254779E-1,2.609909512E-2,2.072916133E-3,1.327331901E-1
1.047207950E1,-1.577181816E-1,3.275974467E-2,1.444515772E-3,1.610910063E-1
1.048211750E1,-1.700938940E-1,3.408467025E-2,1.464909874E-4,1.734754132E-1
1.049215550E1,-1.660970598E-1,3.348002210E-2,-6.059001898E-4,1.694388158E-1
1.050219250E1,-1.460900605E-1,2.954946272E-2,-1.699394081E-3,1.490582586E-1
1.051223017E1,-1.072829217E-1,2.117747441E-2,-2.355671022E-4,1.093534005E-1
1.052226817E1,-6.097082421E-2,1.368280780E-2,-1.793516334E-3,6.251301733E-2
1.053230617E1,-4.471206106E-3,2.018219559E-3,-3.909508232E-4,4.921151977E-3
1.054234417E1,5.143493414E-2,-6.770478562E-3,-1.016793540E-3,5.188858929E-2
1.055238217E1,1.058044508E-1,-1.631957479E-2,-1.028915867E-3,1.070605857E-1
1.056241917E1,1.513485014E-1,-2.561587095E-2,-2.413493348E-3,1.535199228E-1
1.057245717E1,1.822365671E-1,-2.912349440E-2,-2.859611996E-3,1.845711833E-1
1.058249517E1,2.000667006E-1,-3.078717180E-2,-4.174680915E-3,2.024647194E-1
1.059253317E1,1.997539401E-1,-2.922452800E-2,-7.028064691E-3,2.020027310E-1
1.060257117E1,1.783208102E-1,-2.207181230E-2,-8.349525742E-3,1.798754870E-1
1.061260917E1,1.440060884E-1,-1.286220923E-2,-8.614493534E-3,1.448357670E-1
1.062264617E1,9.658957273E-2,1.068786252E-3,-1.086593047E-2,9.720471341E-2
1.063268417E1,4.220541939E-2,1.186499838E-2,-1.102311444E-2,4.520602465E-2
1.064272217E1,-1.424533967E-2,2.521542460E-2,-1.298320107E-2,3.173816078E-2
1.065276017E1,-6.815884262E-2,3.728939220E-2,-1.350062713E-2,7.885679128E-2
1.066279817E1,-1.149889305E-1,4.417606071E-2,-1.141457353E-2,1.237104319E-1
1.067283617E1,-1.492143422E-1,4.757852107E-2,-1.049287897E-2,1.569673090E-1
1.068287317E1,-1.679984182E-1,4.987736046E-2,-7.191890851E-3,1.753936798E-1
1.069291117E1,-1.713778824E-1,4.298824444E-2,-3.838608740E-3,1.767288959E-1
1.070294917E1,-1.563280970E-1,3.781372309E-2,3.495905548E-5,1.608364162E-1
1.071298717E1,-1.273534894E-1,2.532692067E-2,4.280926660E-3,1.299180146E-1
1.072302517E1,-8.793045580E-2,9.192159399E-3,7.460741326E-3,8.872386102E-2
1.073306217E1,-3.963630274E-2,-7.333011832E-3,1.210395619E-2,4.208699696E-2
1.074310017E1,9.755749255E-3,-2.636262961E-2,1.669764332E-2,3.269517053E-2
1.075313817E1,5.817459524E-2,-3.866314143E-2,1.828520745E-2,7.220436862E-2
1.076317617E1,9.672757983E-2,-5.319627747E-2,1.664629765E-2,1.116385590E-1
1.077321417E1,1.239799112E-1,-5.950774252E-2,1.814202033E-2,1.387130949E-1
1.078325217E1,1.364957094E-1,-6.319941580E-2,1.589164883E-2,1.512540556E-1
1.079328917E1,1.345915049E-1,-6.261735409E-2,1.457839645E-2,1.491587606E-1
1.080332717E1,1.168577895E-1,-5.530378222E-2,9.672852233E-3,1.296449589E-1
1.081336517E1,8.601737022E-2,-4.421196505E-2,6.676764227E-3,9.694464923E-2
1.082340317E1,4.140676185E-2,-3.242348507E-2,2.211175626E-3,5.263735944E-2
1.083344117E1,-5.462092347E-3,-1.461617835E-2,-1.827421365E-3,1.571007929E-2
1.084347917E1,-5.467784405E-2,5.513229407E-4,-6.619247142E-3,5.507980591E-2
1.085351617E1,-9.867298603E-2,1.910980418E-2,-8.867695928E-3,1.008968722E-1
1.086355417E1,-1.337364465E-1,3.276249766E-2,-1.289439574E-2,1.382934699E-1
1.087359217E1,-1.572816372E-1,4.153061658E-2,-1.292087324E-2,1.631847250E-1
1.088363017E1,-1.648665816E-1,5.157579482E-2,-1.168356836E-2,1.731402844E-1
1.089366817E1,-1.570548862E-1,5.322175100E-2,-1.090564299E-2,1.661858150E-1
1.090370617E1,-1.320784390E-1,5.108509958E-2,-8.017977700E-3,1.418403660E-1
1.091374317E1,-9.487406909E-2,4.373027012E-2,-5.070448853E-3,1.045903196E-1
1.092378117E1,-5.000780150E-2,3.227255121E-2,-1.479708706E-3,5.953559700E-2
1.093381917E1,4.879972897E-3,2.067916468E-2,3.640994662E-3,2.155687430E-2
1.094385717E1,5.810164660E-2,5.360396113E-3,7.798454724E-3,5.886723266E-2
1.095389517E1,1.081891060E-1,-8.743109182E-3,8.647589944E-3,1.088857448E-1
1.096393217E1,1.493772864E-1,-2.044823393E-2,1.134776883E-2,1.511968116E-1
1.097397017E1,1.763243675E-1,-3.402382135E-2,1.075786352E-2,1.798989567E-1
1.098400817E1,1.872177720E-1,-4.050062969E-2,1.008221880E-2,1.918135717E-1
1.099404617E1,1.821258813E-1,-4.296616837E-2,9.634775110E-3,1.873733096E-1
1.100408417E1,1.620184779E-1,-4.312355816E-2,7.120219059E-3,1.678103870E-1
1.101412217E1,1.268451363E-1,-3.623166308E-2,8.942261338E-4,1.319212706E-1
1.102415917E1,8.166779578E-2,-2.744855732E-2,-2.434192691E-3,8.619151617E-2
1.103419717E1,2.910117432E-2,-1.465385966E-2,-6.295663305E-3,3.318507686E-2
1.104423517E1,-2.217346244E-2,1.566389343E-3,-1.138922572E-2,2.497659854E-2
1.105427317E1,-7.345312089E-2,1.407325733E-2,-1.461512223E-2,7.620380133E-2
1.106431117E1,-1.126047894E-1,2.607026510E-2,-1.635682955E-2,1.167349271E-1
1.107434917E1,-1.386971325E-1,3.849262372E-2,-1.894948818E-2,1.451814717E-1
1.108438617E1,-1.527871192E-1,4.536198080E-2,-1.779234409E-2,1.603688891E-1
1.109442417E1,-1.476331353E-1,5.010632053E-2,-1.680601388E-2,1.568076149E-1
1.110446217E1,-1.314301938E-1,4.857207090E-2,-1.259209402E-2,1.406829867E-1
1.111450017E1,-1.006672904E-1,4.563882574E-2,-8.795935661E-3,1.108790975E-1
1.112453817E1,-6.064210832E-2,3.544930741E-2,-5.118376575E-3,7.042951424E-2
1.113457617E1,-1.716531441E-2,2.293263748E-2,5.340513308E-4,2.865028955E-2
1.114461317E1,2.778884582E-2,9.725754149E-3,6.155185401E-3,3.007817403E-2
1.115465117E1,7.009044290E-2,-6.580044981E-3,1.064169407E-2,7.119840469E-2
1.116468917E1,1.005620658E-1,-1.858184673E-2,1.416984946E-2,1.032414585E-1
1.117472717E1,1.205240488E-1,-3.061664663E-2,1.818930171E-2,1.256752803E-1
1.118476517E1,1.281907707E-1,-4.170631990E-2,1.825774461E-2,1.360354221E-1
1.119480217E1,1.171110272E-1,-4.642204940E-2,1.806508563E-2,1.272648683E-1
1.120484017E1,9.700975567E-2,-5.107059702E-2,1.853779703E-2,1.111878972E-1
1.121487817E1,6.351866573E-2,-4.948664457E-2,1.442899182E-2,8.180308485E-2
1.122491617E1,2.199518681E-2,-4.253818840E-2,1.203001663E-2,4.937617862E-2
1.123495417E1,-2.372360975E-2,-3.651127219E-2,6.156308576E-3,4.397479723E-2
1.124499217E1,-7.019976526E-2,-2.424848080E-2,2.869435586E-3,7.432516078E-2
1.125502917E1,-1.091365144E-1,-1.245070063E-2,-6.531085819E-5,1.098444490E-1
1.126506717E1,-1.423043162E-1,-2.803399693E-3,-5.061134696E-3,1.424218822E-1
1.127510517E1,-1.573675275E-1,7.021456026E-3,-7.423489355E-3,1.576989149E-1
1.128514317E1,-1.599923372E-1,1.647647657E-2,-7.254911587E-3,1.610020372E-1
1.129518117E1,-1.476203203E-1,2.219332382E-2,-9.876213036E-3,1.496056221E-1
1.130521917E1,-1.200816408E-1,2.606795728E-2,-1.014838833E-2,1.232969125E-1
1.131525617E1,-8.362160623E-2,2.802502550E-2,-7.473323029E-3,8.850890147E-2
1.132529417E1,-3.635609522E-2,2.656694502E-2,-7.368926890E-3,4.562750608E-2
1.133533217E1,1.607976854E-2,2.278651297E-2,-3.787886351E-3,2.814484345E-2
1.134537017E1,6.694348156E-2,1.764847711E-2,-2.578278771E-3,6.927875569E-2
1.135540817E1,1.104536802E-1,1.187847182E-2,-1.287031919E-4,1.110906392E-1
1.136544617E1,1.460566670E-1,4.933214746E-3,2.013543621E-3,1.461538263E-1
1.137548317E1,1.679781973E-1,8.871648461E-4,3.696741536E-3,1.680212122E-1
1.138552117E1,1.767157763E-1,-3.500659484E-3,3.765717614E-3,1.767905564E-1
1.139555917E1,1.672218740E-1,-7.840348408E-3,4.201272503E-3,1.674582841E-1
1.140559717E1,1.445503831E-1,-1.057861093E-2,6.608658005E-4,1.449384594E-1
1.141563517E1,1.107594520E-1,-9.608891793E-3,-5.552356597E-4,1.111768649E-1
1.142567317E1,6.754992902E-2,-8.193954825E-3,-3.329983214E-3,6.812651903E-2
1.143571017E1,1.941816136E-2,-2.440488897E-3,-6.065543741E-3,2.048930935E-2
1.144574817E1,-2.917973511E-2,1.218427904E-3,-7.124150172E-3,3.006152064E-2
1.145578617E1,-7.235727459E-2,5.552608985E-3,-8.949503303E-3,7.311976656E-2
1.146582417E1,-1.057229564E-1,9.296746925E-3,-1.050265972E-2,1.066493266E-1
1.147586217E1,-1.299766302E-1,1.255035400E-2,-9.395906702E-3,1.309187490E-1
1.148589917E1,-1.368827373E-1,1.392667554E-2,-1.094027422E-2,1.380236417E-1
1.149593717E1,-1.292748302E-1,1.214903221E-2,-8.981284685E-3,1.301546933E-1
1.150597517E1,-1.092414632E-1,1.395332441E-2,-6.995898206E-3,1.103509635E-1
1.151601350E1,-7.770615071E-2,9.500694461E-3,-4.160776734E-3,7.839528759E-2
1.152605150E1,-3.877073899E-2,6.083592307E-3,1.629468054E-3,3.927894427E-2
1.153608950E1,4.434269853E-3,3.010791494E-3,3.287887666E-3,6.287910611E-3
1.154612650E1,4.352761060E-2,-4.414633848E-3,7.024036255E-3,4.431116069E-2
1.155616450E1,7.968010008E-2,-7.694612257E-3,1.027583983E-2,8.070760987E-2
1.156620250E1,1.081809774E-1,-1.057402231E-2,1.144363638E-2,1.092972581E-1
1.157624050E1,1.202663705E-1,-1.209936664E-2,1.268575713E-2,1.215373316E-1
1.158627850E1,1.245290339E-1,-1.268046722E-2,1.178614143E-2,1.257266386E-1
1.159631650E1,1.092813164E-1,-1.380622573E-2,1.050365344E-2,1.106496485E-1
1.160635350E1,8.409606665E-2,-1.116676629E-2,9.745185263E-3,8.539211750E-2
1.161639150E1,5.074691027E-2,-7.915647700E-3,6.889871787E-3,5.182062055E-2
1.162642950E1,7.024733350E-3,-4.378437530E-3,2.300978638E-3,8.591396658E-3
1.163646750E1,-3.834442794E-2,9.812135249E-5,-3.023573663E-4,3.834574555E-2
1.164650550E1,-7.955204695E-2,3.827345558E-3,-3.649418242E-3,7.972763011E-2
1.165654250E1,-1.169452742E-1,5.831289571E-3,-3.172019497E-3,1.171335255E-1
1.166658050E1,-1.455873102E-1,6.749281194E-3,-6.398173049E-3,1.458840440E-1
1.167661850E1,-1.589096040E-1,4.513675813E-3,-7.235694677E-3,1.591382756E-1
1.168665650E1,-1.574046463E-1,6.134761497E-4,-8.427459747E-3,1.576312821E-1
1.169669450E1,-1.447948813E-1,-3.074265085E-3,-5.042213947E-3,1.449152604E-1
1.170673250E1,-1.173374429E-1,-9.610194713E-3,-4.859254695E-3,1.178305721E-1
1.171676950E1,-7.869035006E-2,-1.432304457E-2,-2.258407651E-3,8.001513109E-2
1.172680750E1,-3.142909333E-2,-2.091676556E-2,-2.152305096E-4,3.775374568E-2
1.173684550E1,1.689790934E-2,-2.336853184E-2,1.660802867E-3,2.888573846E-2
1.174688350E1,6.348910928E-2,-2.514832281E-2,5.567926913E-3,6.851501257E-2
1.175692150E1,1.055225879E-1,-2.609323524E-2,9.206394665E-3,1.090900141E-1
1.176695950E1,1.378831863E-1,-2.400691435E-2,8.722764440E-3,1.402290684E-1
1.177699650E1,1.570688337E-1,-1.883995719E-2,9.289437905E-3,1.584672085E-1
1.178703450E1,1.618374884E-1,-1.130108163E-2,8.766925894E-3,1.624682926E-1
1.179707250E1,1.509241313E-1,-1.488131471E-3,5.630521104E-3,1.510364549E-1
1.180711050E1,1.285128295E-1,6.161532365E-3,3.803592408E-3,1.287166623E-1
1.181714850E1,9.650073946E-2,1.727710851E-2,-1.040585572E-3,9.804067529E-2
1.182718550E1,5.688808113E-2,2.631667629E-2,-4.453958943E-3,6.283835593E-2
1.183722350E1,1.091686636E-2,3.426778689E-2,-9.719237685E-3,3.725483553E-2
1.184726150E1,-3.177520260E-2,4.247405007E-2,-1.325964369E-2,5.467656336E-2
1.185729950E1,-7.080831379E-2,4.480309039E-2,-1.666790992E-2,8.543391265E-2
1.186733750E1,-9.916006029E-2,4.472985864E-2,-1.919205301E-2,1.104618156E-1
1.187737550E1,-1.157511845E-1,4.186974466E-2,-1.904050261E-2,1.245550199E-1
1.188741250E1,-1.211121306E-1,3.491756320E-2,-1.978166029E-2,1.275880029E-1
1.189745050E1,-1.115767211E-1,2.728297189E-2,-2.007119358E-2,1.166043655E-1
1.190748850E1,-9.099794179E-2,1.223744266E-2,-1.385244727E-2,9.285618293E-2
1.191752650E1,-5.879349262E-2,-1.227135770E-3,-9.895734489E-3,5.963309649E-2
1.192756450E1,-2.160564065E-2,-1.320683397E-2,-6.448804867E-3,2.613065739E-2
1.193760250E1,2.016239427E-2,-2.679248899E-2,1.124314032E-3,3.355031581E-2
1.194763950E1,5.830525607E-2,-3.425759822E-2,5.796830636E-3,6.787259511E-2
1.195767750E1,9.189439565E-2,-4.159099236E-2,1.119396929E-2,1.014874157E-1
1.196771550E1,1.144052967E-1,-4.516601935E-2,1.659139991E-2,1.241121097E-1
1.197775350E1,1.240548342E-1,-4.326783493E-2,1.891762763E-2,1.327387814E-1
1.198779150E1,1.200275943E-1,-3.823632747E-2,2.253553271E-2,1.279706621E-1
1.199782950E1,1.045480967E-1,-3.070622869E-2,2.165157720E-2,1.110944094E-1
1.200786650E1,7.546717674E-2,-1.904877275E-2,2.063957602E-2,8.052417405E-2
1.201790450E1,3.743059933E-2,-9.885678999E-3,1.628009789E-2,4.199783331E-2
1.202794250E1,-4.349338822E-3,5.440813024E-3,1.319935359E-2,1.492454789E-2
1.203798050E1,-5.018895864E-2,1.693698764E-2,7.893318310E-3,5.355462253E-2
1.204801850E1,-9.405814856E-2,2.585405111E-2,3.657294670E-3,9.761528095E-2
1.205805550E1,-1.277159750E-1,3.511625901E-2,-3.270652378E-3,1.324961097E-1
1.206809350E1,-1.505600363E-1,3.774213418E-2,-7.611870766E-3,1.554050636E-1
1.207813150E1,-1.621166319E-1,3.756242245E-2,-9.077504277E-3,1.666587501E-1
1.208816950E1,-1.591272354E-1,3.188536316E-2,-1.527228393E-2,1.630073498E-1
1.209820750E1,-1.418961138E-1,2.316133864E-2,-1.372037083E-2,1.444271556E-1
1.210824550E1,-1.112191603E-1,1.279818080E-2,-1.482052263E-2,1.129298142E-1
1.211828250E1,-7.171446830E-2,-1.109214500E-3,-1.356038824E-2,7.299369459E-2
1.212832050E1,-2.367317304E-2,-1.660135388E-2,-1.133664884E-2,3.105710353E-2
1.213835850E1,2.254813537E-2,-2.677096985E-2,-8.451784030E-3,3.600744213E-2
1.214839650E1,6.906503439E-2,-3.950380906E-2,-4.678085446E-3,7.970203504E-2
1.215843450E1,1.080299765E-1,-4.691709206E-2,1.015439164E-3,1.177825134E-1
1.216847250E1,1.353745162E-1,-4.930568114E-2,4.623223096E-3,1.441481323E-1
1.217850950E1,1.509342194E-1,-4.767284915E-2,8.036234416E-3,1.584879181E-1
1.218854750E1,1.519243866E-1,-4.168685898E-2,8.305479772E-3,1.577586589E-1
1.219858550E1,1.381287873E-1,-3.220301867E-2,1.130674034E-2,1.422829528E-1
1.220862350E1,1.127595231E-1,-1.916098781E-2,1.238185912E-2,1.150441825E-1
1.221866150E1,7.859592140E-2,-6.771003827E-3,1.183293294E-2,7.976956597E-2
1.222869850E1,3.701039031E-2,7.776247337E-3,8.275748231E-3,3.871339590E-2
1.223873650E1,-6.016620435E-3,2.498685196E-2,4.324038047E-3,2.606222932E-2
1.224877450E1,-4.741945490E-2,3.716655076E-2,1.694965176E-3,6.027296330E-2
1.225881250E1,-8.029308170E-2,4.790748656E-2,-1.099239336E-3,9.350569268E-2
1.226885050E1,-1.071100533E-1,5.401411653E-2,-6.181349512E-3,1.201178479E-1
1.227888850E1,-1.189513654E-1,5.572296679E-2,-1.009973232E-2,1.317439977E-1
1.228892550E1,-1.175135300E-1,5.696959049E-2,-1.134609152E-2,1.310866040E-1
1.229896350E1,-1.017619967E-1,4.804400727E-2,-1.702821255E-2,1.138142813E-1
1.230900150E1,-7.643613219E-2,3.782226145E-2,-1.664604805E-2,8.689129232E-2
1.231903950E1,-3.928465396E-2,2.361328900E-2,-1.584402658E-2,4.849643938E-2
1.232907750E1,-6.499085575E-4,8.278008550E-3,-1.539848000E-2,1.749459896E-2
1.233911550E1,4.072154686E-2,-6.533076521E-3,-1.272029988E-2,4.315937322E-2
1.234915250E1,7.823137194E-2,-1.921291836E-2,-9.619047865E-3,8.112835429E-2
1.235919050E1,1.100405008E-1,-3.209168091E-2,-6.201179232E-3,1.147921705E-1
1.236922850E1,1.284655780E-1,-4.219811037E-2,-1.337714493E-3,1.352252740E-1
1.237926650E1,1.330396682E-1,-4.695039988E-2,5.864356644E-4,1.410823776E-1
1.238930450E1,1.266802996E-1,-4.762125015E-2,5.209683441E-3,1.354356769E-1
1.239934150E1,1.061904058E-1,-4.315913841E-2,6.331439130E-3,1.148006996E-1
1.240937950E1,7.016209513E-2,-3.520054743E-2,1.052565128E-2,7.919966835E-2
1.241941750E1,2.645651065E-2,-2.064485103E-2,1.122089103E-2,3.538453370E-2
1.242945550E1,-2.244365402E-2,-6.084815599E-3,1.380415633E-2,2.704250947E-2
1.243949350E1,-7.011604309E-2,9.620660916E-3,1.329599414E-2,7.201111078E-2
1.244953150E1,-1.125476584E-1,2.395486087E-2,1.379320491E-2,1.158924642E-1
1.245956850E1,-1.467718780E-1,3.193264455E-2,1.482461579E-2,1.509352417E-1
1.246960650E1,-1.644813567E-1,3.907204419E-2,1.159499958E-2,1.694555557E-1
1.247964450E1,-1.686248928E-1,3.995696083E-2,9.738340974E-3,1.735677058E-1
1.248968250E1,-1.560332030E-1,3.409853950E-2,7.877590135E-3,1.599097472E-1
1.249972050E1,-1.321240515E-1,2.809676714E-2,5.586093292E-3,1.351939264E-1
1.250975850E1,-9.422008693E-2,1.526405849E-2,4.460109398E-3,9.555264956E-2
1.251979479E1,-5.062991753E-2,2.278700238E-3,-8.264352800E-4,5.068790802E-2
1.252983279E1,-3.223252483E-3,-1.277854573E-2,-4.333551973E-3,1.387300473E-2
1.253987079E1,4.540309310E-2,-2.777249366E-2,-5.412505008E-3,5.349810723E-2
1.254990879E1,6.729400903E-2,2.254367247E-2,-5.131808110E-3,7.115501581E-2
1.255994679E1,1.157240868E-1,-3.179264069E-2,-1.127283927E-2,1.205400894E-1
1.256998379E1,1.264811307E-1,-3.097505309E-2,-9.454166517E-3,1.305615242E-1
1.258002179E1,1.322764009E-1,-4.892593250E-2,-7.207038812E-3,1.412187471E-1
1.259005979E1,1.265335530E-1,-4.703428969E-2,-5.715935025E-3,1.351134203E-1
1.260009779E1,1.080749556E-1,-3.792323917E-2,-5.752106197E-3,1.146797926E-1
1.261013579E1,8.219701797E-2,-2.541171014E-2,-5.862627178E-3,8.623499970E-2
1.262017379E1,4.739364237E-2,-1.172762271E-2,-2.662508748E-3,4.889563809E-2
1.263021079E1,1.382902451E-2,2.785006538E-3,-3.447874915E-3,1.452191522E-2